quest_id,title,description,category,difficulty,xp_reward,points_reward,estimated_time,quest_objective,hero_image_url,website_url,reviews_url,reviews_source,socials_url,socials_source,venue_name,neighborhood,hours,hours_note,price_range,profile_image_url
"30000000-0000-0000-0000-000000000001","Hidden Wynwood Coffee Crawl","Discover the secret specialty coffee shops tucked between Wynwood's famous murals and galleries. Hit three hidden gem cafes, each with their own unique roast and vibe. Complete the crawl and unlock a free specialty coffee reward at the final stop.","hidden_gem","easy","100","50","","","https://images.unsplash.com/photo-1442512595331-e89e73853f31?w=400&h=300&fit=crop","","","","","","Wynwood Coffee Quarter","Wynwood","","","",""
"30000000-0000-0000-0000-000000000002","South Beach Sunrise Reset","Start your day with a transformative sunrise walk along South Beach's iconic boardwalk. Take in the golden light hitting Art Deco buildings and the calm Atlantic, then reward your body with a complimentary smoothie at the finishing café. The perfect way to reset your mind and fuel your Miami adventure.","fitness","easy","110","55","","","https://images.unsplash.com/photo-1507525428034-b723cf961d3e?w=400&h=300&fit=crop","","","","","","South Beach Boardwalk","South Beach","","","",""
"30000000-0000-0000-0000-000000000003","Wynwood Walls Mural Hunt","Embark on a self-guided tour through the world-famous Wynwood Walls, seeking out eight hidden details within the massive murals painted by international artists. Use the clues to find each detail and learn the story behind each piece. Finish the hunt to claim your exclusive gallery print.","culture","medium","130","65","","","https://images.unsplash.com/photo-1547891654-e66ed7ebb968?w=400&h=300&fit=crop","","","","","","Wynwood Walls","Wynwood","","","",""
"30000000-0000-0000-0000-000000000004","Little Havana Cafecito Trail","Walk the legendary Calle Ocho, stopping at three iconic Cuban bakeries to sample the region's best cafecito and pastelito. Learn about the neighborhood's rich cultural heritage from local guides stationed at each stop. Complete the trail and take home a free pastelito to remember the flavors of Little Havana.","food","easy","120","60","","","https://images.unsplash.com/photo-1565123409695-7b5ef63a2efb?w=400&h=300&fit=crop","","","","","","Calle Ocho Cultural Center","Little Havana","","","",""
"30000000-0000-0000-0000-000000000005","Brickell Skyline Night Walk","Experience Miami's glittering financial district after dark on this curated nighttime walking loop past rooftop bars and illuminated skyscrapers. Navigate from the Miami River to Brickell Key, taking in some of the city's most spectacular skyline views. Flash the QR at the final checkpoint to get your skip-the-line pass for one of Brickell's hottest nightlife spots.","nightlife","medium","150","75","","","https://images.unsplash.com/photo-1511192336575-5a79af67a629?w=400&h=300&fit=crop","","","","","","Brickell City Centre","Brickell","","","",""
"30000000-0000-0000-0000-000000000006","Coconut Grove Bayfront Loop","Explore the lush bayside parks and tree-lined streets of one of Miami's most charming historic neighborhoods. This scenic loop takes you along Biscayne Bay, through Peacock Park, and past the village's bohemian boutiques and waterside cafes. Complete the loop and redeem one free hour at the local bike rental shop.","outdoors","easy","110","55","","","https://images.unsplash.com/photo-1464822759023-fed622ff2c3b?w=400&h=300&fit=crop","","","","","","Coconut Grove Waterfront Park","Coconut Grove","","","",""
"30000000-0000-0000-0000-000000000007","Design District Gallery Walk","Immerse yourself in Miami's premier arts and fashion destination with a guided gallery walk through the Design District's most innovative spaces. Discover cutting-edge contemporary art alongside luxury flagships and public art installations that make this neighborhood a world-class cultural destination. Finish at ICA Miami for a designer discount at participating boutiques.","art","medium","140","70","","","https://images.unsplash.com/photo-1531243269054-5ebf6f34081e?w=400&h=300&fit=crop","","","","","","Institute of Contemporary Art","Design District","","","",""
"30000000-0000-0000-0000-000000000008","Downtown Local Legends Quest","Uncover the stories of Miami's most iconic downtown landmarks and the legendary figures who shaped this city by the bay. From the historic Freedom Tower to the bustling Bayside waterfront, this quest connects you with the soul of Miami's civic identity. Complete the quest to earn your Community Explorer badge.","culture","easy","90","45","","","https://images.unsplash.com/photo-1507842217343-583bb7270b66?w=400&h=300&fit=crop","","","","","","Bayside Marketplace","Downtown Miami","","","",""
"30000000-0000-0000-0000-000000000009","Sweet Caroline Karaoke Night","Hit the stage at Sweet Caroline, Wynwood's beloved karaoke bar where legends are made and friendships are forged over classic anthems. Sign up for a slot, belt out your go-to banger, and soak up the electrifying energy of Miami's most enthusiastic karaoke crowd. Finish the night strong and claim your free round of drinks on the house.","nightlife","easy","130","65","","","https://images.unsplash.com/photo-1493225457124-a3eb161ffa5f?w=400&h=300&fit=crop","","","","","","Sweet Caroline Karaoke Bar","Wynwood","","","",""
