slug,import_decision,business_name,location_name,address,city,state,zip,neighborhood,latitude,longitude,hours,hours_note,quest_title,quest_description,quest_category,difficulty,xp_reward,points_reward,estimated_time,quest_objective,funky_action,hero_image_url,website_url,google_reviews_url,instagram_url,contact_email,business_status,verification_status,verification_sources,last_verified_date,notes
panther-coffee-wynwood,import,Panther Coffee,Panther Coffee - Wynwood,2390 NW 2nd Ave,Miami,FL,33127,Wynwood,25.79994,-80.199245,,,The Wynwood Original,"Joel and Leticia Pollock opened this flagship in 2010, long before the murals made Wynwood world-famous. Miami's local coffee scene grew up right here — come see where it started.",food,easy,50,25,5–10 min,"Step inside Panther's Wynwood flagship, find the panther wherever it appears, and snap a photo with it.",Give your best (quiet) panther growl before your first sip or your final photo.,,https://panthercoffee.com/,https://www.google.com/search?q=Panther+Coffee+Wynwood+2390+NW+2nd+Ave+Miami+reviews,https://www.instagram.com/panthercoffee/,info@panthercoffee.com,active,verified,"Official site panthercoffee.com + Yelp/Apple Maps listings, checked 2026-07-07",2026-07-07,"Decision maker: General Manager / Founder; Contact: info@panthercoffee.com. Founded 2010 by Joel and Leticia Pollock; Wynwood flagship confirmed active with recent reviews (Yelp updated June 2026). Panther Coffee also has other MIA-area locations (Miami Beach location shows CLOSED on Yelp, unrelated to Wynwood flagship)."
vice-city-bean-edgewater,import,Vice City Bean,Vice City Bean,"1657 N Miami Ave, Unit C",Miami,FL,33136,Edgewater,25.791406,-80.194302,,,Flagship of Vice City,"Tucked between Downtown and Wynwood in the Arts & Entertainment District, this is the flagship of a homegrown three-shop Miami coffee family. Blink on N Miami Ave and you'll miss it.",food,easy,50,25,5–10 min,Find Vice City Bean's flagship on N Miami Ave and claim the seat with the best people-watching.,Strike your most 'Vice City' pose for the camera — sunglasses optional but encouraged.,,https://vicecitybean.com/,https://www.google.com/search?q=Vice+City+Bean+1657+N+Miami+Ave+reviews,https://www.instagram.com/vicecitybean/,hello@vicecitybean.com,active,verified,"Official site vicecitybean.com + Yelp/Apple Maps listing, checked 2026-07-07",2026-07-07,"Decision maker: Owner; Contact: hello@vicecitybean.com. Input neighborhood 'Downtown/Edgewater' normalized to Edgewater; often described as the 'Arts & Entertainment District' between Downtown and Wynwood. Business operates 3 locations (this flagship, Brickell, and The Citadel food hall) - flagship confirmed active, Yelp updated April 2026."
salty-donut-wynwood,import,The Salty Donut,The Salty Donut - Wynwood,"50 NW 24th St, Unit 106",Miami,FL,33127,Wynwood,25.7994517,-80.1960754,,,"Donuts, Coffee, Vibes","The brand's own motto is 'donuts, coffee, vibes' — and the Wynwood shop is where Miami checks all three boxes. The lineup changes, which is exactly the fun of it.",food,easy,50,25,5–10 min,Find today's donut lineup and photograph the flavor you'd cross town for.,Rank your top three flavors out loud with whoever is next to you.,,https://www.saltydonut.com/locations/wynwood,https://www.google.com/search?q=The+Salty+Donut+Wynwood+50+NW+24th+St+Miami+reviews,https://www.instagram.com/thesaltydonut/,media@saltydonut.com,active,verified,"Official site saltydonut.com + Yelp listing, checked 2026-07-07",2026-07-07,"Decision maker: Marketing Director; Contact: media@saltydonut.com. Brand's parent site now uses 'THE SALTY' branding (saltydonut.com homepage says 'THE SALTY - DONUTS, COFFEE, VIBES') but Wynwood store still operates/is listed as 'The Salty Donut'; multiple other city locations exist. Yelp updated July 2026, confirmed active."
threefold-cafe-coral-gables,import,Threefold Cafe,Threefold Cafe,141 Giralda Ave,Coral Gables,FL,33134,Coral Gables,25.7514197,-80.257631,,,Down Under on Giralda,"Nick and Teresa brought Australian café culture to Coral Gables in 2014, and Giralda Avenue hasn't been the same since. Come find the Aussie accent hiding on a Spanish-named street.",food,easy,50,25,5–10 min,Find Threefold on Giralda Ave and spot one unmistakably Australian touch on the menu or in the room.,Say 'flat white' in your best Australian accent — ordering one is entirely optional.,,https://www.threefoldcafe.com/,https://www.google.com/search?q=Threefold+Cafe+141+Giralda+Ave+Coral+Gables+reviews,https://www.instagram.com/threefoldcafe/,info@threefoldcafe.com,active,verified,"Official site threefoldcafe.com + Yelp listing, checked 2026-07-07",2026-07-07,"Decision maker: Owner / Operator; Contact: info@threefoldcafe.com. Australian-inspired cafe opened 2014 by Nick and Teresa. Yelp updated July 2026, confirmed active. Coordinates not found via a reliable source (no Wikipedia/schema.org/map-embed match), left null rather than estimated."
imperial-moto-little-river,import,Imperial Moto,Imperial Moto Cafe - Little River,7299 NW 2nd Ave,Miami,FL,33150,Little River,25.8421983,-80.2005557,,,Full Throttle Coffee,"Imperial Moto's headquarters sits in Little River — not Wynwood, as many assume — and it's the flagship of a café brand that has ridden all the way to Aventura and St. Barths. Motorcycles and espresso, together at last.",food,easy,50,25,5–10 min,Find Imperial Moto's Little River headquarters and photograph the most motorcycle thing you can find.,Do a subtle engine rev with your wrist as you walk in. Vroom responsibly.,,https://www.imperialmoto.com/,https://www.google.com/search?q=Imperial+Moto+Cafe+7299+NW+2nd+Ave+Miami+reviews,https://www.instagram.com/imperialmoto/,hello@imperialmoto.com,active,verified,"Official site imperialmoto.com + Yelp listing, checked 2026-07-07; neighborhood corrected from input",2026-07-07,"Decision maker: Founder; Contact: hello@imperialmoto.com. CORRECTION: input listed neighborhood as 'Wynwood' but the flagship/headquarters location is in Little River, not Wynwood (confirmed via imperialmoto.com/pages/little-river and Yelp/Timeout listings). Brand has grown to ~4 locations (Little River HQ, Aventura Mall, Oakland Park, St. Barths). Yelp updated June 2026, confirmed active."
brewing-buddha-pinecrest,import,Brewing Buddha Cafe & Arthouse,Brewing Buddha Cafe & Arthouse,8219 SW 124th St,Pinecrest,FL,33156,Pinecrest,25.6554818,-80.3268453,,,The Buddha's Gallery,"Brothers Jordan and Cassidy Athos opened this café-meets-arthouse in Pinecrest in 2017. Half the room runs on caffeine, the other half on creativity — explore both.",food,easy,50,25,5–10 min,Explore the arthouse side of the café and photograph the artwork that speaks to you most.,Hold a ten-second zen pose in front of your favorite piece.,,https://www.brewingbuddha.com/,https://www.google.com/search?q=Brewing+Buddha+Cafe+8219+SW+124th+St+Pinecrest+reviews,https://www.instagram.com/brewingbuddha/,brewingbuddha@gmail.com,active,verified,"Official site brewingbuddha.com + Yelp/Miami New Times, checked 2026-07-07; municipality corrected to Pinecrest",2026-07-07,"Decision maker: Owner; Contact: brewingbuddha@gmail.com. Full legal/DBA name is 'Brewing Buddha Cafe & Arthouse'. Input neighborhood 'South Miami / Suburban' is close but the actual municipality is Pinecrest, FL (per Miami New Times and mailing address), not the separate city of South Miami. Owned by brothers Jordan and Cassidy Athos, opened 2017. Yelp updated May 2026, confirmed active."
sweat-records-little-haiti,import,Sweat Records,Sweat Records,5505 NE 2nd Ave,Miami,FL,33137,Little Haiti / Little River,25.8263434,-80.1917894,,,Crate Digger,"Lolo Reskin opened Sweat Records in 2005, and twenty years later it's still Miami's independent record store — right next to Churchill's Pub. Digging is the whole point: your next favorite album is in here somewhere.",culture,medium,150,75,10–15 min,Dig through the crates and find one record older than Sweat Records itself (2005). Photograph your find.,Air-drum one chorus of whatever record you found. Full commitment.,,https://www.sweatrecordsmiami.com/,https://www.google.com/search?q=Sweat+Records+5505+NE+2nd+Ave+Miami+reviews,https://www.instagram.com/sweatrecords/,info@sweatrecordsmiami.com,active,verified,"Official site sweatrecordsmiami.com + WLRN/Axios 20th-anniversary coverage (March 2025) + Apple Maps, checked 2026-07-07",2026-07-07,"Decision maker: Founder (Lolo); Contact: info@sweatrecordsmiami.com. Independent record store founded 2005 by Lolo Reskin, next to Churchill's Pub. Celebrated 20th anniversary in March 2025 (WLRN, Axios, Miami New Times coverage) -- clearly still active and thriving, no closure signals found; owner has discussed hoping to move to a bigger space in the future but no relocation confirmed yet."
books-and-books-coral-gables,import,Books & Books,Books & Books - Coral Gables,265 Aragon Ave,Coral Gables,FL,33134,Coral Gables,25.7506451,-80.2600624,,,Shelf Discovery,Miami's iconic independent bookstore has anchored Coral Gables since 1982. Algorithms recommend what you already like — these shelves recommend what you didn't know existed.,culture,medium,150,75,10–15 min,Wander the flagship's shelves and find one book you'd never have discovered online. Photograph the cover where you found it.,Read your find's first sentence out loud to whoever came with you.,,https://www.booksandbooks.com/,https://www.google.com/search?q=Books+%26+Books+265+Aragon+Ave+Coral+Gables+reviews,https://www.instagram.com/booksandbooks/,events@booksandbooks.com,active,verified,"Official site booksandbooks.com + Yelp/Apple Maps listing, checked 2026-07-07",2026-07-07,"Decision maker: Events Coordinator; Contact: events@booksandbooks.com. Iconic independently-owned Miami-area bookstore chain founded 1982; Coral Gables flagship confirmed active, Yelp updated June 2026."
rosetta-bakery-south-beach,import,Rosetta Bakery,Rosetta Bakery - South Beach,1666 Collins Ave,Miami Beach,FL,33139,South Beach,25.7914055,-80.1300535,,,La Dolce Collins,"An Italian bakery holding its corner of Collins Avenue since 2015, steps from Lincoln Road. The pastry case is the exhibit; admission is free.",food,easy,50,25,5–10 min,Study the pastry counter and photograph the most Italian thing in the case.,Whisper 'che bello' at the pastry case like you truly mean it.,,https://www.rosettabakery.com/,https://www.google.com/search?q=Rosetta+Bakery+1666+Collins+Ave+Miami+Beach+reviews,https://www.instagram.com/rosettabakery/,info@rosettabakery.com,active,verified,"Official site rosettabakery.com + Yelp listing, checked 2026-07-07",2026-07-07,"Decision maker: Store Manager; Contact: info@rosettabakery.com. City corrected from generic 'Miami' to 'Miami Beach' since South Beach is part of the separate municipality of Miami Beach. Italian bakery chain (est. 2015) with multiple South Beach locations (1666 Collins Ave and 929 Collins Ave both currently listed); picked 1666 Collins Ave (Lincoln Road-area) as primary since it's the one most associated with 'South Beach' proper on the official site's store list. Yelp updated June 2026, confirmed active."
under-the-mango-tree-sofi,import,Under the Mango Tree,Under the Mango Tree,737 5th St,Miami Beach,FL,33139,South Beach (South of Fifth),25.7747548,-80.1358438,,,Mango State of Mind,"A little South of Fifth spot with a name that promises shade, sweetness, and no hurry whatsoever. Slow down to South Beach walking pace and find out what the name means to you.",food,easy,50,25,5–10 min,Find Under the Mango Tree just off Fifth Street and photograph whatever you think earned it the name.,Point at your photo subject and declare 'that's the mango tree' with total confidence.,,https://www.mangotreemiami.com/,https://www.google.com/maps/search/?api=1&query=Under+the+Mango+Tree+737+5th+St+Miami+Beach+FL,https://www.instagram.com/underthemangotreemiami/,hello@mangotreemiami.com,active,verified,"Yelp (updated Jun 2026) + Apple Maps + business website + Instagram, checked 2026-07-07",2026-07-07,"Decision maker: Founder; Contact: hello@mangotreemiami.com. Input Instagram handle @underthemangotree_sb could not be confirmed; active handle found is @underthemangotreemiami. A Foursquare listing shows a stale 'Now Closed' tag, but Yelp (updated Jun 2026), Tripadvisor, and HappyCow all show current, active listings."
dasher-and-crank-wynwood,import,Dasher & Crank,Dasher & Crank,2211 NW 2nd Ave,Miami,FL,33127,Wynwood,25.7982083,-80.1990834,,,The Dasher & Crank Riddle,The name is a riddle: what do a 'dasher' and a 'crank' have in common? Walk into this Wynwood shop and the answer becomes deliciously obvious.,food,easy,50,25,5–10 min,Find Dasher & Crank on NW 2nd Ave and solve the name — the menu board is a good place to start. Photograph your evidence.,"Guess the answer out loud before you walk in, then grade yourself at the counter.",,https://dasherandcrank.com/,https://www.google.com/maps/search/?api=1&query=Dasher+%26+Crank+2211+NW+2nd+Ave+Miami+FL,https://www.instagram.com/dashercrank/,info@dasherandcrank.com,active,verified,"Yelp + official site + Instagram search, checked 2026-07-07",2026-07-07,Decision maker: Founder; Contact: info@dasherandcrank.com. Input Instagram handle @dasherandcrank not found; active handle is @dashercrank (~5K followers).
midorie-coconut-grove,import,Midorie Miami,Midorie Miami,3444 Main Hwy,Miami,FL,33133,Coconut Grove,25.727493,-80.243396,,,Lost in the Grove,'Midori' is Japanese for green — and this Main Highway spot sits in Miami's greenest neighborhood. Step inside and decide for yourself whether the name fits.,hidden_gem,easy,50,25,5–10 min,Find Midorie on Coconut Grove's Main Highway and photograph the greenest corner you can find.,Give your photo an art-gallery title and announce it out loud.,,https://www.midoriemiami.com/,https://www.google.com/maps/search/?api=1&query=Midorie+Miami+3444+Main+Hwy+Miami+FL,https://www.instagram.com/midorie_miami/,hello@midoriemiami.com,active,verified,"Yelp + official site + Instagram search, checked 2026-07-07",2026-07-07,"Decision maker: Owner; Contact: hello@midoriemiami.com. Input neighborhood 'Coconut Grove / Edge' normalized to Coconut Grove, matching the flagship Main Highway location. Input Instagram handle @midoriemiami not found exactly; active handle is @midorie_miami (with underscore). A second Midorie location also exists at 851 NE 79th St (Upper East Side)."
the-corner-downtown,import,The Corner,The Corner,1035 N Miami Ave #101,Miami,FL,33136,Downtown Miami / Park West,25.784656,-80.193897,,,Meet Me at The Corner,A Park West bar that's exactly what it says on the sign. Downtown's night crowd has been meeting at this corner of N Miami Ave for years — now it's your turn.,nightlife,medium,150,75,10–15 min,"Post up at The Corner and capture proof you found it — the sign, the room, or your spot at the bar.",Raise whatever you're holding and toast 'to the Corner.' Water counts.,,https://www.thecornermiami.com/,https://www.google.com/maps/search/?api=1&query=The+Corner+1035+N+Miami+Ave+Miami+FL,https://www.instagram.com/thecornermiami/,info@thecornermiami.com,active,verified,"Yelp (updated Jun 2026) + official site + Instagram, checked 2026-07-07",2026-07-07,Decision maker: Bar Manager; Contact: info@thecornermiami.com. Shares its building/address (1035 N Miami Ave) with the now-closed All Day cafe (rank 17) — the two were run by the same ownership group as day/night concepts in the same space.
miam-cafe-wynwood,import,Miam Café,Miam Café - Wynwood,2750 NW 3rd Ave,Miami,FL,33127,Wynwood,25.802408,-80.2016552,,,Say 'Miam','Miam' is French for 'yum' — the entire mission statement in four letters. Find the Wynwood café that named itself after the sound you make when the plate arrives.,food,easy,50,25,5–10 min,Find Miam Café and photograph the thing on the menu that makes you go 'miam.',Actually say 'miam' out loud when you spot it. It's the law of the quest.,,https://www.miamcafe.com/,https://www.google.com/maps/search/?api=1&query=Miam+Cafe+2750+NW+3rd+Ave+Miami+FL,https://www.instagram.com/miam.cafe/,info@miamcafe.com,active,verified,"Yelp (updated Jun 2026) + official site + Instagram, checked 2026-07-07",2026-07-07,"Decision maker: General Manager; Contact: info@miamcafe.com. Input Instagram handle @miamcafe not found exactly; active handle is @miam.cafe. Miam Café has additional locations in Coral Gables, Biscayne, Fort Lauderdale, and Miami Beach; Wynwood used here as it matches the input's stated neighborhood."
el-carajo-coral-way,import,El Carajo International Tapas & Wine,El Carajo,2465 SW 17th Ave,Miami,FL,33145,Coral Way,25.7461508,-80.221873,,,Fill Up on Tapas,"From the street it's a working Mobil gas station. Inside, since 1981, it's been a Spanish tapas and wine destination. This is the most Miami plot twist on Coral Way — and one of the city's great hidden doors.",hidden_gem,medium,150,75,10–15 min,Walk past the gas pumps and find the tapas-and-wine restaurant hiding inside. Photograph the exact spot where gas station turns into Spain.,"Text a friend 'I'm at a gas station,' then send your photo with zero explanation.",,https://el-carajo.com/,https://www.google.com/maps/search/?api=1&query=El+Carajo+2465+SW+17th+Ave+Miami+FL,https://www.instagram.com/theelcarajo/,info@el-carajo.com,active,verified,"Yelp + official site + Instagram search, checked 2026-07-07",2026-07-07,Decision maker: Proprietor; Contact: info@el-carajo.com. Input Instagram handle @elcarajomiami not found; active handle is @theelcarajo (~18K followers). Known for being tucked into a working Mobil gas station off US-1; open since 1981.
pasion-del-cielo-brickell,import,Pasión del Cielo Coffee,Pasión del Cielo Coffee - Brickell,907 Brickell Ave,Miami,FL,33131,Brickell,25.7651768,-80.1908292,,,Heaven on Brickell,"The name means 'passion of heaven,' and it sits in the middle of Brickell's canyon of glass towers. Duck out of the financial district for ten minutes of the good stuff.",food,easy,50,25,5–10 min,Find Pasión del Cielo on Brickell Ave and photograph its name where it appears — then add your own translation.,Salute the sky as you walk in. El cielo will understand.,,https://www.pasiondelcielo.com/,https://www.google.com/maps/search/?api=1&query=Pasion+del+Cielo+Coffee+907+Brickell+Ave+Miami+FL,https://www.instagram.com/pasiondelcielocoffee/,info@pasiondelcielo.com,active,verified,"Yelp (updated Apr 2026) + official site + Instagram, checked 2026-07-07",2026-07-07,Decision maker: Area Manager; Contact: info@pasiondelcielo.com. Input Instagram handle @pasiondelcielofl not found exactly; active handle is @pasiondelcielocoffee. Also operates a near-identical site at pasiondelcielocoffee.com and additional locations in Coral Gables (Giralda Ave) and Midtown.
wynwood-walls,import,Wynwood Walls,Wynwood Walls,2516 NW 2nd Ave,Miami,FL,33127,Wynwood,25.801018,-80.199493,10:30 AM – 6:30 PM,Daily · timed entry tickets,Walls That Talk,An open-air museum where the galleries have no ceilings and the canvases are entire buildings. Timed entry tickets get you in the gates — curiosity does the rest.,art,medium,150,75,15–20 min,"Wander the outdoor galleries and find the mural that stops you mid-step. Photograph it, and hunt down the artist's name.","Match your pose to the mural. Yes, exactly like that.",,https://thewynwoodwalls.com/,https://www.yelp.com/biz/wynwood-walls-miami,https://www.instagram.com/wynwoodwallsofficial/,info@thewynwoodwalls.com,active,verified,"Official site thewynwoodwalls.com + Yelp/Apple Maps listings, checked 2026-07-07",2026-07-07,"Decision maker: Director of Marketing; Contact: info@thewynwoodwalls.com. Outdoor street art museum, open daily 10:30am-6:30pm, timed/ticketed entry."
perez-art-museum-miami,import,Pérez Art Museum Miami,Pérez Art Museum Miami,1103 Biscayne Blvd,Miami,FL,33132,Downtown Miami,25.7859809,-80.1862693,,,Art on the Bay,"PAMM sits at the water's edge of Maurice A. Ferré Park, next door to the Kaseya Center. Inside: contemporary art. Outside: Biscayne Bay doing its best to compete with it.",art,medium,150,75,15–20 min,Find the one artwork inside PAMM you'd hang at home — then find the bay view and decide which one wins.,Leave a one-word review of your favorite piece in your Community Note.,,https://www.pamm.org/,https://www.yelp.com/biz/p%C3%A9rez-art-museum-miami-miami-7,https://www.instagram.com/pamm/,info@pamm.org,active,verified,"Official site pamm.org + Apple Maps geocode tied to confirmed address, checked 2026-07-07",2026-07-07,"Decision maker: Visitor Exp. Director; Contact: info@pamm.org. Located in Maurice A. Ferré Park, Downtown Miami, adjacent to Kaseya Center."
ica-miami,import,"Institute of Contemporary Art, Miami","Institute of Contemporary Art, Miami",61 NE 41st St,Miami,FL,33137,Design District,25.8143585,-80.1942981,,,"Free Art, Big Ideas","A contemporary art museum in the Design District where admission is always free — and the museum is growing into the buildings next door. Zero dollars, maximum strangeness.",art,medium,150,75,15–20 min,"Walk in (it's free), explore a floor, and photograph the most wonderfully strange thing you find — where photos are allowed.","Later, describe that piece to a friend in exactly five words.",,https://icamiami.org/,https://www.yelp.com/biz/institute-of-contemporary-art-miami-miami-2,https://www.instagram.com/icamiami/,hello@icamiami.org,active,verified,"Official site icamiami.org + Yelp listing, checked 2026-07-07",2026-07-07,"Decision maker: Public Programs Head; Contact: hello@icamiami.org. Free admission museum; recently acquired adjacent buildings for expansion. Coordinates not found from a reliable primary source (only general Design District area coords available), left null per verification rules."
bachour-coral-gables,import,Bachour,Bachour Coral Gables,2020 Salzedo St,Coral Gables,FL,33134,Coral Gables,25.7538553,-80.2611351,,,The Pastry Michelin Knows,Chef Antonio Bachour's Coral Gables bakery-restaurant carries a Michelin Bib Gourmand — the guide's nod for cooking that seriously over-delivers. The pastry display is the gallery; you're the jury.,food,easy,50,25,5–10 min,Find Bachour on Salzedo St and photograph the pastry display — then pick the one you'd personally award a star.,Announce your winner with a full chef's kiss. Mwah.,,https://antoniobachour.com/,https://www.yelp.com/biz/bachour-coral-gables,https://www.instagram.com/bachourmiami/,info@antoniobachour.com,active,verified,"Official site antoniobachour.com + Apple Maps geocode, checked 2026-07-07",2026-07-07,"Decision maker: Chef Antonio Bachour; Contact: info@antoniobachour.com. Michelin Bib Gourmand bakery/restaurant. Note: address is technically in Coral Gables (a separate municipality), not Miami proper."
temple-house-south-beach,import,The Temple House,The Temple House,1415 Euclid Ave,Miami Beach,FL,33139,South Beach,25.785967,-80.134925,,,Deco in Disguise,Architect L. Murray Dixon built this South Beach landmark in 1933; today it's a private event space hiding on quiet Euclid Avenue. You can't wander inside uninvited — but the Art Deco facade belongs to everyone.,culture,easy,50,25,5–10 min,Find the 1933 Temple House on Euclid Ave and photograph its Art Deco facade from the sidewalk.,Frame your shot like a 1930s postcard. Caption it 'Greetings from Miami Beach.',,https://thetemplehouse.com/,https://www.yelp.com/biz/the-temple-house-miami-beach,https://www.instagram.com/thetemplehouse/,info@thetemplehouse.com,active,verified,"Official site thetemplehouse.com + Yelp/Google Maps listing, checked 2026-07-07",2026-07-07,"Decision maker: Events Director; Contact: info@thetemplehouse.com. Private, standalone Art Deco event venue (1933 building by L. Murray Dixon), capacity 1-500 guests."
e11even-miami,import,E11EVEN Miami,E11EVEN Miami,29 NE 11th St,Miami,FL,33132,Downtown Miami,25.7849579,-80.1935969,Open 24 hours,21+ only,The Club That Never Sleeps,"A 24-hour ultraclub ranked among the best on the planet — Downtown Miami's round-the-clock heartbeat. Whatever hour you arrive, you're on time. 21+ only.",nightlife,medium,150,75,10–20 min,"Make it to E11EVEN — any hour works, it never closes — and capture proof you found Miami's 24-hour ultraclub.",Caption your photo with the exact time you were there. Sunrise entries earn eternal respect.,,https://www.11miami.com/,https://www.yelp.com/biz/e11even-miami-4,https://www.instagram.com/11miami/,info@11miami.com,active,verified,"Official site 11miami.com + Apple Maps geocode + Yelp, checked 2026-07-07",2026-07-07,"Decision maker: Marketing VP; Contact: info@11miami.com. 24-hour ultraclub, 21+ only, ranked among top clubs globally."
sugar-rooftop-east-miami,import,Sugar,"Sugar Rooftop at EAST, Miami","788 Brickell Plaza, Floor 40",Miami,FL,33131,Brickell,25.766606,-80.1928702,,,Forty Floors Up,Ride to the 40th floor of EAST Miami and step into a Balinese-inspired rooftop garden floating over Brickell. Up here the skyline isn't the backdrop — it's the whole show.,nightlife,medium,150,75,10–20 min,Reach Sugar on EAST Miami's 40th floor and capture the Brickell skyline from the rooftop.,Point at the tallest tower you can see and calmly claim it as your future office.,,https://www.easthotels.com/en/miami/restaurants-and-bars/sugar/,https://www.yelp.com/biz/sugar-miami-2,https://www.instagram.com/sugar.rooftop/,sugar@easthotels.com,active,verified,"Official site easthotels.com + Yelp + Instagram search, checked 2026-07-07",2026-07-07,"Decision maker: Director of Nightlife; Contact: sugar@easthotels.com. Correction: input Instagram handle '@sugarmiami' is incorrect - the venue's real active Instagram account is @sugar.rooftop (56K followers). 40th-floor Balinese-inspired rooftop bar at EAST, Miami hotel. Precise coordinates not found from a reliable source, left null."
lagniappe-house-midtown,import,Lagniappe House,Lagniappe,3425 NE 2nd Ave,Miami,FL,33137,Midtown / Wynwood-Edgewater,25.8090466,-80.1910054,,,A Little Something Extra,"'Lagniappe' is an old Louisiana word for a little unexpected bonus — and this award-winning wine bar and jazz house on the Wynwood-Edgewater border lives up to it, all the way to the garden out back.",nightlife,medium,150,75,15–20 min,"Explore the house, find the garden, and settle in. Photograph your spot.",Use 'lagniappe' in a sentence on your way out. Bonus points if it lands naturally.,,http://www.lagniappehouse.com/,https://www.yelp.com/biz/lagniappe-miami-3,https://www.instagram.com/lagniappehouse/,info@lagniappehouse.com,active,verified,"Official site lagniappehouse.com + Yelp listing, checked 2026-07-07",2026-07-07,"Decision maker: Owner/Operator; Contact: info@lagniappehouse.com. Award-winning wine bar and jazz club with garden seating. Some listings place it at the Wynwood-Edgewater border rather than Midtown proper. Precise coordinates not found from a reliable source, left null."
dantes-hifi-wynwood,import,Dante's HiFi,Dante's HiFi,519 NW 26th St,Miami,FL,33127,Wynwood,25.8011178,-80.2037057,,,Drop the Needle,"A vinyl listening bar in Wynwood where the records are the headliner. This is nightlife at 33⅓ RPM: sit down, tune in, and let someone else's crates change your taste.",nightlife,medium,150,75,15–20 min,Find Dante's HiFi and stay through at least one full song with your phone down. Then capture one discreet photo of the night.,Drop the song that was playing into your Community Note — future adventurers will thank you.,,https://danteshifi.com/,https://www.yelp.com/biz/dantes-hifi-miami,https://www.instagram.com/danteshifi/,info@danteshifi.com,active,verified,"Official site danteshifi.com + Apple Maps geocode + Yelp, checked 2026-07-07",2026-07-07,Decision maker: Creative Director; Contact: info@danteshifi.com. Vinyl listening bar/lounge in Wynwood.
superblue-miami,import,Superblue Miami,Superblue Miami,1101 NW 23rd St,Miami,FL,33127,Allapattah,25.7991925,-80.2138844,,,Step Inside the Art,"In Allapattah, directly across from the Rubell Museum, Superblue trades picture frames for entire rooms. You don't look at this art — you walk into it.",art,medium,150,75,15–20 min,Lose yourself in an immersive room and photograph the moment reality bends.,Take one photo where it's genuinely impossible to tell which way is up.,,https://www.superblue.com/,https://www.yelp.com/biz/superblue-miami-miami-2,https://www.instagram.com/superbluemiami/,info@superblue.com,active,verified,"Official site superblue.com + Google Maps place listing + Yelp, checked 2026-07-07",2026-07-07,Decision maker: Operations Director; Contact: info@superblue.com. Immersive experiential art space located across from the Rubell Museum in Allapattah; input neighborhood 'Allapattah / Edge' normalized to Allapattah.
standard-spa-miami-beach,import,"The Standard Spa, Miami Beach","The Standard Spa, Miami Beach",40 Island Ave,Miami Beach,FL,33139,Belle Isle / South Beach,25.79175,-80.149086,,,Island of Calm,"An adults-only spa hideaway on Belle Isle, floating between Miami and Miami Beach. The quest is the journey: leave the mainland pace behind and find the island where wellness is the whole point.",fitness,medium,150,75,10–15 min,Make your way onto Belle Isle and find the entrance to The Standard. Photograph your arrival.,"Take one deep, dramatic spa breath at the entrance. In through the nose. You've earned it.",,https://www.standardhotels.com/miami/properties/miami-beach,https://www.yelp.com/biz/the-standard-spa-hotel-miami-beach,https://www.instagram.com/thestandardmiami/,spa.miami@standardhotels.com,active,verified,"Official site standardhotels.com + Yelp + Google Maps listing, checked 2026-07-07",2026-07-07,Decision maker: Spa Director; Contact: spa.miami@standardhotels.com. Correction: input Instagram handle '@thestandard' is the global brand account (188K followers); the property-specific account is @thestandardmiami (23K followers) - used the latter as more accurate. Adults-only hotel/spa on Belle Isle.
komodo-brickell,import,Komodo Miami,Komodo Miami,801 Brickell Ave,Miami,FL,33131,Brickell,25.7656196,-80.1901639,,,Dragon Hunting in Brickell,"Named after the world's largest lizard and built to match, Komodo is Brickell dining at full spectacle. Come see why this corner of Brickell Avenue roars.",food,medium,150,75,10–15 min,Track down Komodo on Brickell Ave and photograph the boldest detail of the space you can find.,Work your subtlest dragon impression into the photo. Subtle. We mean it.,,https://komodomiami.com/,https://www.google.com/search?q=Komodo+Miami+Brickell+reviews,https://www.instagram.com/komodomiami/,info@groothospitality.com,active,verified,"Official site komodomiami.com + Yelp + Apple Maps listing, checked 2026-07-07.",2026-07-07,Decision maker: Groot Hospitality CMO; Contact: info@groothospitality.com. Coordinates sourced from Apple Maps listing snippet (801 Brickell Ave).
joia-beach-watson-island,import,Joia Beach,Joia Beach Restaurant and Beach Club,1111 Parrot Jungle Trail,Miami,FL,33132,Watson Island,25.7861775,-80.1746936,,,Island Detour,"Watson Island hides in plain sight between Downtown and South Beach — and Joia Beach is its shoreline reward. Cross the water, slow down, and catch the skyline from the sand side.",outdoors,medium,150,75,10–20 min,Find your way onto Watson Island and capture the Miami skyline from Joia Beach.,Shoes off for the photo. Mandatory? No. Correct? Absolutely.,,https://joiabeachmiami.com/,https://www.google.com/search?q=Joia+Beach+Miami+reviews,https://www.instagram.com/joiabeach/,info@joiabeachmiami.com,active,verified,"Official site joiabeachmiami.com + Yelp listing (1111 Parrot Jungle Trl), checked 2026-07-07.",2026-07-07,"Decision maker: Marketing Lead; Contact: info@joiabeachmiami.com. No evidence of closure found; official site and Yelp/Tripadvisor listings show current operating hours. Neighborhood normalized to 'Watson Island' (input said 'Watson Island / Downtown' — Watson Island is a City of Miami-owned island, not technically Downtown, so kept as Watson Island)."
sexy-fish-brickell,import,Sexy Fish Miami,Sexy Fish Miami,1001 S Miami Ave,Miami,FL,33130,Brickell,25.7643527,-80.1930513,,,Something's Fishy,"With a name like Sexy Fish, subtlety was never the plan. This Brickell dining room goes all-in on glamour — come see how deep the theme swims.",food,medium,150,75,10–15 min,Step into Sexy Fish on S Miami Ave and photograph the most extravagant detail you can find. There are contenders.,Name your photo like a perfume ad and share the title with your table.,,https://sexyfishmiami.com/,https://www.google.com/search?q=Sexy+Fish+Miami+reviews,https://www.instagram.com/sexyfishmiami/,info@sexyfishmiami.com,active,verified,"Official site sexyfishmiami.com + Yelp + OpenTable, checked 2026-07-07.",2026-07-07,"Decision maker: Operations Manager; Contact: info@sexyfishmiami.com. Confirmed via official site, Yelp, OpenTable, Resy all consistent on address and open status."
the-bass-south-beach,import,The Bass,The Bass,2100 Collins Ave,Miami Beach,FL,33139,South Beach,25.7973966,-80.1299536,,,Bass Notes,Miami Beach's contemporary art museum holds down Collins Park a couple of blocks from the sand. Ocean Drive gets the postcards; The Bass gets the ideas.,art,medium,150,75,15–20 min,"Explore The Bass and photograph two things: one artwork, and one detail of the building itself.",Give your favorite piece a one-word title and drop it in your Community Note.,,https://thebass.org/,https://www.google.com/search?q=The+Bass+Museum+Miami+Beach+reviews,https://www.instagram.com/thebassmoa/,info@thebass.org,active,verified,"Yelp, thebass.org, and Wikipedia infobox coordinates (via search snippet), checked 2026-07-07.",2026-07-07,"Decision maker: Membership Director; Contact: info@thebass.org. City corrected from generic 'Miami' to 'Miami Beach' (municipality is Miami Beach, not the City of Miami). Located in Collins Park."
ball-and-chain-little-havana,import,Ball & Chain,Ball & Chain,1513 SW 8th St,Miami,FL,33135,Little Havana,25.7658068,-80.2197761,,,Calle Ocho After Dark,"On Calle Ocho, in the heart of Little Havana, Ball & Chain is where the neighborhood turns the volume up. Some bars you visit; this one you feel.",nightlife,medium,150,75,15–20 min,Find Ball & Chain on SW 8th Street and capture the moment that feels most alive.,Let your shoulders do a little salsa on the way in. Resistance is futile.,,https://ballandchainmiami.com/,https://www.google.com/search?q=Ball+and+Chain+Miami+reviews,https://www.instagram.com/ballandchainmia/,info@ballandchainmiami.com,active,verified,"Official site ballandchainmiami.com + Yelp + Apple Maps, checked 2026-07-07.",2026-07-07,Decision maker: Proprietor; Contact: info@ballandchainmiami.com. Neighborhood normalized to 'Little Havana' (input said 'Little Havana / Edge' — 'Edge' not a recognized standard Miami neighborhood name for this address). Coordinates from Apple Maps listing snippet.
rubell-museum-allapattah,import,Rubell Museum,Rubell Museum,1100 NW 23rd St,Miami,FL,33127,Allapattah,25.7987088,-80.214203,,,The Collectors' Warehouse,One family's contemporary art collection grew until it needed its own museum in Allapattah — right across the street from Superblue. Wander it like the world's most serious garage sale.,art,medium,150,75,15–20 min,Explore the Rubell and find the artwork you'd smuggle home if no one were watching. Photograph it legally instead.,Estimate its price out loud. Then add three zeros.,,https://rubellmuseum.org/,https://www.google.com/search?q=Rubell+Museum+Miami+reviews,https://www.instagram.com/rubellmuseum/,info@rubellmuseum.org,active,verified,"Official site rubellmuseum.org + Yelp + Apple Maps, checked 2026-07-07.",2026-07-07,Decision maker: Curator; Contact: info@rubellmuseum.org. Neighborhood normalized to 'Allapattah' (input said 'Allapattah / Edge'). Coordinates from Apple Maps listing snippet matching official address.
brickell-city-centre,import,Brickell City Centre,Brickell City Centre,701 S Miami Ave,Miami,FL,33131,Brickell,25.7676777,-80.1930011,,,The Vertical City,"A shopping city stacked into the middle of Brickell, and still growing — its busiest month on record was as recent as April 2025. The stores are the excuse; the architecture is the reason.",shopping,easy,50,25,10–15 min,Explore Brickell City Centre's levels and photograph the view where the architecture steals the show from the shops.,Window-shop one store wildly outside your budget with complete confidence.,,https://brickellcitycentre.com/,https://www.google.com/search?q=Brickell+City+Centre+Miami+reviews,https://www.instagram.com/brickellcitycentre/,info@brickellcitycentre.com,active,verified,"Simon.com official mall page, Yelp listing, Miami New Times/retail trade press (Chain Store Age, RLI), checked 2026-07-07",2026-07-07,"Decision maker: Marketing Director; Contact: info@brickellcitycentre.com. Mall is a Simon Property Group asset (operated with Swire); active and expanding retail (Aritzia, Alo Yoga, Dior Beauty opened 2025-2026), April 2025 was highest footfall month on record. Note: the planned 'One Brickell City Centre' supertall office tower was cancelled/listed for sale in 2025 - this affects a future expansion parcel, not the existing operating mall. No reliable primary-source coordinates found (Wikipedia/official site fetch blocked in this session); address confirmed via multiple listings (Yelp, Simon.com)."
bayside-marketplace,import,Bayside Marketplace,Bayside Marketplace,401 Biscayne Blvd,Miami,FL,33132,Downtown Miami,25.7784792,-80.1867682,,,Where Downtown Meets the Bay,"Downtown's waterfront marketplace, where the shopping ends at the edge of Biscayne Bay. Skip the mall part first — go straight to the water and work backwards.",shopping,easy,50,25,10–15 min,"Find the spot where Bayside meets the bay and capture the water, boats and skyline in one frame.","Wave at a passing boat. If they wave back, it counts double.",,https://baysidemarketplace.com/,https://www.google.com/search?q=Bayside+Marketplace+Miami+reviews,https://www.instagram.com/baysidemarketplace/,info@baysidemarketplace.com,active,verified,"Official site baysidemarketplace.com, Yelp, Local10 News (Hard Rock Cafe closure story, June 2026), Apple Maps coordinate data, checked 2026-07-07",2026-07-07,"Decision maker: General Manager; Contact: info@baysidemarketplace.com. Waterfront shopping/entertainment marketplace, managed by Ashkenazy Acquisition Corp / GGP (Brookfield). Active as of July 2026. Note: long-time tenant Hard Rock Cafe (opened 1993) announced it will permanently close Aug 19, 2026 due to lease expiration - this is a tenant closure, not a closure of Bayside Marketplace itself."
1800-lucky-wynwood,import,1-800-Lucky,1-800-Lucky,143 NW 23rd St,Miami,FL,33127,Wynwood,25.7993233,-80.1979686,,,Six Ways Lucky,"Miami's first Asian food hall: 10,000 square feet in Wynwood holding six kitchens under one roof. One address, six chances your night improves.",food,medium,150,75,10–15 min,Walk the full hall and find all six food concepts. Photograph the counter or dish you'd try first.,Spin once on your heel and let fate point you to a counter.,,https://1800lucky.com/,https://www.google.com/search?q=1-800-Lucky+Wynwood+Miami+reviews,https://www.instagram.com/1800lucky/,info@1-800-lucky.com,active,verified,"1800lucky.com official site, Yelp (updated July 2026), Wynwood BID business directory, checked 2026-07-07",2026-07-07,"Decision maker: Partner / Operator; Contact: info@1-800-lucky.com. Miami's first Asian food hall, 10,000 sq ft, 6 restaurant concepts. Active as of July 2026 (Yelp reviews updated July 2026, celebrated 8-year anniversary). No evidence of closure found."
lummus-park-south-beach,import,Lummus Park,Lummus Park,Ocean Dr (between 5th St and 15th St),Miami Beach,FL,33139,South Beach,25.7806133,-80.1298933,,,Postcard Row,"Seventy-four acres of oceanfront park running along Ocean Drive through the Art Deco Historic District. Palms on one side, pastel architecture on the other — the most photographed stretch of Miami Beach, waiting for your version.",outdoors,easy,50,25,10–15 min,Walk the stretch where Lummus Park's palms meet the Art Deco skyline and capture the most Miami photo possible.,Add a flamingo pose. One leg. You know the one.,,https://www.miamibeachfl.gov/city-hall/parks-and-recreation/parks-facilities-directory/lummus-park/,https://www.google.com/search?q=Lummus+Park+Miami+Beach+reviews,https://www.instagram.com/cityofmiamibeach/,parks@miamibeachfl.gov,active,verified,"City of Miami Beach official parks directory (miamibeachfl.gov), Wikipedia summary via search, checked 2026-07-07",2026-07-07,"Decision maker: City Parks Liaison; Contact: parks@miamibeachfl.gov. Public 74-acre oceanfront park in the Art Deco Historic District, managed by City of Miami Beach Parks & Recreation - no single commercial operator, as expected for this tier. Note: there is also a separate, smaller 'Lummus Park' near Downtown Miami (Lummus Park Historic District) - do not confuse the two; this record is for the Miami Beach oceanfront park matching the input's 'South Beach' neighborhood and miamibeachfl.gov website. No reliable primary-source coordinates found in this session."
miami-design-district,import,Miami Design District,Miami Design District,140 NE 39th St,Miami,FL,33137,Design District,25.8123753,-80.1924115,,,The Palm Court Puzzle,"A whole neighborhood curated like a gallery — luxury storefronts, public art and architecture competing politely for your attention. Somewhere in the middle hides Palm Court, the district's gathering spot.",shopping,medium,150,75,15–20 min,Explore the district's public spaces until you find Palm Court. Photograph the storefront or installation that stopped you along the way.,Pick the display window that best matches your personality. Defend your choice.,,https://www.miamidesigndistrict.com/,https://www.google.com/search?q=Miami+Design+District+reviews,https://www.instagram.com/miamidesigndistrict/,info@miamidesigndistrict.net,active,verified,"miamidesigndistrict.com official site, Apple Maps place link (embedded coordinate), Yelp, Wikipedia summary via search, checked 2026-07-07",2026-07-07,"Decision maker: DACRA Marketing Head; Contact: info@miamidesigndistrict.net. This is a neighborhood/shopping district (luxury retail, galleries, restaurants) developed/managed largely by DACRA and partners, not a single 'plaza' business - public gathering spaces (e.g. Palm Court) exist within it. Input domain 'miamidesigndistrict.net' also resolves to the same organization; the more consistently live site found was miamidesigndistrict.com. Coordinates from an Apple Maps place link with an embedded coordinate parameter."
miami-worldcenter,import,Miami Worldcenter,Miami Worldcenter,851 NE 1st Ave,Miami,FL,33132,Park West / Downtown Miami,25.782431,-80.191854,,,City Under Construction,"Ten blocks of Park West being rebuilt into a brand-new district — towers, promenades and street-level retail rising in real time. Walk it now and you'll be able to say you saw it happen.",shopping,easy,50,25,10–15 min,Walk Miami Worldcenter's new blocks and photograph old Miami and new Miami in a single frame.,Record a five-second voice memo predicting what this block looks like in ten years.,,https://miamiworldcenter.com/,https://www.google.com/search?q=Miami+Worldcenter+reviews,https://www.instagram.com/miamiworldcenter/,info@miamiworldcenter.com,active,verified,"miamiworldcenter.com official site (Visit/Directions page), Wikipedia summary via search, Apple Maps place link (embedded coordinate), checked 2026-07-07",2026-07-07,"Decision maker: Development VP; Contact: info@miamiworldcenter.com. Large ten-block mixed-use development (residential towers, hotel, convention center, retail/lifestyle component) in the Park West area just north of Downtown Miami - a public/mixed-use district under active construction and leasing, not a single business. Coordinates taken from an Apple Maps place link for a component building (Paramount Miami Worldcenter) at the same 851 NE 1st Ave address given by the official site."
miracle-mile-coral-gables,import,Miracle Mile,Miracle Mile,Coral Way between SW 37th Ave and SW 42nd Ave,Coral Gables,FL,33134,Coral Gables,25.749713,-80.255427,,,The Half-Mile Miracle,Coral Gables' signature stretch of Coral Way — half a mile of storefronts with a very confident name. Walk it end to end and issue your own verdict.,shopping,easy,50,25,15–20 min,Walk Miracle Mile from one end to the other and photograph your favorite storefront along the way.,Deliver your verdict in a Community Note: does it earn the name 'Miracle'?,,https://www.coralgables.com/attractions/miracle-mile,https://www.google.com/maps/search/?api=1&query=Miracle+Mile+Coral+Gables+FL,https://www.instagram.com/cityofcoralgables/,info@coralgableschamber.org,active,verified,"City of Coral Gables official site + Wikipedia + Yelp/Google Maps listings, checked 2026-07-07",2026-07-07,"Public commercial/shopping street (0.5-mile stretch of Coral Way), not a single business - no single operator. Decision maker: Coral Gables BID Lead; contact: info@coralgableschamber.org."
kaseya-center-plaza,import,Kaseya Center (AT&T East Plaza),Kaseya Center,601 Biscayne Blvd,Miami,FL,33132,Downtown Miami,25.7813595,-80.1879435,,,Home Court,"The 23,000-square-foot East Plaza outside Kaseya Center is Downtown's pre-game front porch — and on quiet days, a bayfront shortcut with an arena-sized backdrop. Game night or ghost town, the Heat's house is worth the walk.",culture,easy,50,25,5–10 min,Find the East Plaza at Kaseya Center and capture the arena where the Heat play — game day or not.,Practice your championship-parade wave across the plaza.,,https://www.kaseyacenter.com/,https://www.google.com/maps/search/?api=1&query=Kaseya+Center+601+Biscayne+Blvd+Miami+FL,https://www.instagram.com/kaseyacenter/,info@kaseyacenter.com,active,verified,"kaseyacenter.com official site + Yelp/Vendry listings, checked 2026-07-07",2026-07-07,"""Kaseya Center Plaza"" refers to the AT&T East Plaza, a 23,000 sq ft outdoor gathering space at Kaseya Center (Miami Heat arena, formerly FTX Arena/American Airlines Arena). Not an independent business - part of the arena complex. Decision maker: Event Ops Lead; contact: info@kaseyacenter.com."
jungle-island,import,Jungle Island,Jungle Island,1111 Parrot Jungle Trail,Miami,FL,33132,Watson Island,25.786155,-80.174993,,Open daily,The Wild Side of Watson Island,"An eco-adventure park on Watson Island, minutes from Downtown and open daily. Skyscrapers on one horizon, jungle canopy on the other — Miami's weirdest, wildest border crossing.",outdoors,medium,150,75,15–20 min,Explore Jungle Island and photograph the most tropical resident you meet.,Imitate the call of the loudest bird you hear. Commit fully.,,https://www.jungleisland.com/,https://www.google.com/maps/search/?api=1&query=Jungle+Island+1111+Parrot+Jungle+Trail+Miami+FL,https://www.instagram.com/jungleisland/,info@jungleisland.com,active,verified,"Official site (jungleisland.com) + Wikipedia + Bisnow/Miami Times redevelopment coverage, checked 2026-07-07",2026-07-07,"Eco-adventure/zoo park on Watson Island, open daily as of July 2026. Note: city of Miami has approved a major redevelopment (condo towers by Terra Group/ESJ Capital Partners) for part of the site; park is expected to continue operating on a reduced footprint during/after redevelopment, but no closure date confirmed. Decision maker: Operations VP; contact: info@jungleisland.com."
giralda-plaza,import,Giralda Plaza,Giralda Plaza,100 block of Giralda Ave,Coral Gables,FL,33134,Coral Gables,25.7514867,-80.2570634,,,The Pedestrian's Feast,Coral Gables closed this block of Giralda Avenue to cars in 2017 and handed it to dinner tables. It's downtown's open-air dining room — walk it slow.,food,easy,50,25,5–10 min,Stroll pedestrian-only Giralda Plaza end to end and photograph the table you'd claim on a Friday night.,Rate the plaza's people-watching out of ten. Out loud.,,https://www.coralgables.com/attractions/giralda-plaza,https://www.google.com/maps/search/?api=1&query=Giralda+Plaza+Coral+Gables+FL,https://www.instagram.com/giraldaplaza/,info@giraldaplaza.com,active,verified,"coralgables.com official page + Instagram + Yelp/LoopNet listings, checked 2026-07-07",2026-07-07,"Pedestrian dining/restaurant walkway in downtown Coral Gables, reopened 2017. Input Instagram handle '@giralda.plaza' appears to be incorrect/inactive; verified official handle is '@giraldaplaza'. Public space with a merchant association, not a single business. Decision maker: Merchant Assoc. Head; contact: info@giraldaplaza.com."
jungle-plaza-design-district,import,Jungle Plaza,Jungle Plaza,3801 NE 1st Ave,Miami,FL,33137,Design District,25.811964,-80.193276,,,Through the Portal,"A 33,000-square-foot open plaza in the Design District, home to Criola's 'Interdimensional Portal' mural. As advertised: it's a portal. Interdimensionally speaking.",art,easy,50,25,5–10 min,Find Criola's 'Interdimensional Portal' mural at Jungle Plaza and step through it — photographically speaking.,Pose like you're mid-teleport. Hair matters here.,,https://www.miamidesigndistrict.com/event-venue/742/jungle-plaza/,https://www.google.com/maps/search/?api=1&query=Jungle+Plaza+3801+NE+1st+Ave+Miami+FL,https://www.instagram.com/miamidesigndistrict/,events@miamidesigndistrict.net,active,verified,"miamidesigndistrict.com venue page + Bill Hansen/PartySlate venue listings, checked 2026-07-07",2026-07-07,"33,000 sq ft outdoor event space within Miami Design District (features the 'Interdimensional Portal' mural by Criola); managed by Design District/DACRA, not an independent business - uses the Design District's shared Instagram account. Input website normalized from miamidesigndistrict.net to the current miamidesigndistrict.com. Decision maker: DACRA Events Coordinator; contact: events@miamidesigndistrict.net."
citizens-miamicentral,import,Citizens MiamiCentral,Citizens MiamiCentral,600 NW 1st Ave,Miami,FL,33136,Downtown Miami,25.79118,-80.1966257,,,Eat Like a Commuter,"A food hall built into Brightline's MiamiCentral station, where intercity trains and lunch counters share a roof. The rare place where 'grabbing a bite before the train' is the destination.",food,easy,50,25,10–15 min,"Find the food hall inside MiamiCentral station and photograph the scene — trains, counters and all.",Time your photo to a Brightline arrival if you can. Patience is a virtue.,,https://www.gobrightline.com/,https://www.google.com/maps/search/?api=1&query=Citizens+MiamiCentral+600+NW+1st+Ave+Miami+FL,https://www.instagram.com/citizens_miamicentral/,info@gobrightline.com,active,verified,"gobrightline.com press releases, Miami New Times, Yelp listing (Aug 2025), checked 2026-07-07",2026-07-07,"Food hall inside Brightline's MiamiCentral station. Had a period of closure/rebranding (was 'Central Fare', briefly dark, relaunched as 'Central Fare Food Collective' June 2025, then rebranded again to Citizens MiamiCentral under C3/Sam Nazarian partnership). Active as of mid-2026 per Yelp reviews and Brightline press releases. Input website 'brightlinestations.com' does not appear to be the correct live domain; using gobrightline.com / miamicentral.com instead. Decision maker: Transit Hub Director; contact: info@gobrightline.com."
maurice-ferre-park,import,Maurice A. Ferré Park,Maurice A. Ferré Park,1075 Biscayne Blvd,Miami,FL,33132,Downtown Miami / Arts & Entertainment District,25.7839,-80.1869,,,The Museum's Front Yard,"Thirty acres of downtown waterfront green, renamed in 2019 for Miami's former mayor — with PAMM and the Frost Science Museum living inside it. Culture on one side, Biscayne Bay on the other, grass in between.",outdoors,easy,50,25,10–15 min,Walk the park's waterfront and frame one photo with the bay on one side and the museums on the other.,Find the best patch of grass and claim it for exactly one minute of doing absolutely nothing.,,https://www.miami.gov/Parks-Public-Places/Parks-Directory/Maurice-A.-Ferre-Park,https://www.google.com/maps/search/?api=1&query=Maurice+A.+Ferre+Park+1075+Biscayne+Blvd+Miami+FL,https://www.instagram.com/miamiparks/,parks@miamigov.com,active,verified,"miami.gov park directory + Wikipedia (Museum Park (Miami)) + bayfrontparkmiami.com, checked 2026-07-07",2026-07-07,"30-acre downtown waterfront park, formerly named 'Museum Park', renamed Maurice A. Ferré Park in 2019 in honor of the former Miami mayor. Home to Perez Art Museum Miami and Frost Science Museum. Public space, City of Miami Parks Dept operated. Decision maker: City Park Management; contact: parks@miamigov.com."
espanola-way,import,Española Way,Española Way,419 Española Way,Miami Beach,FL,33139,South Beach,25.7870053,-80.1320681,,,The Spanish Detour,"A historic Mediterranean-style pedestrian street tucked between Washington and Drexel, freshly restored and permanently unhurried. Two blocks of South Beach that decided to be Spain instead.",culture,easy,50,25,5–10 min,Wander Española Way and photograph the detail that feels imported straight from the Mediterranean.,Bid the street 'buenas noches' when you leave — time of day irrelevant.,,https://www.experiencemiamibeach.com/local-attractions/espanola-way,https://www.google.com/maps/search/?api=1&query=Espanola+Way+Miami+Beach+FL,https://www.instagram.com/espanolaway/,info@visitespanolaway.com,active,verified,"Yelp, Miami Design Preservation League, experiencemiamibeach.com, checked 2026-07-07",2026-07-07,"Historic pedestrian-oriented Mediterranean-style street/plaza in South Beach between Washington Ave and Drexel Ave, recently completed a $2.5M revitalization. Public space with a historic district board, not a single business; input website 'visitespanolaway.com' could not be independently confirmed as live - using City/tourism board page instead. Decision maker: Historic District Board; contact: info@visitespanolaway.com."
regatta-harbour-coconut-grove,import,Regatta Harbour,Regatta Harbour,3385 Pan American Dr,Miami,FL,33133,Coconut Grove,25.7284643,-80.2339205,,,Dinner Key Discovery,"Coconut Grove's waterfront hub on historic Dinner Key — marina, dining and bay breeze run by people who clearly understand what the Grove is for. Come watch the masts sway.",outdoors,medium,150,75,10–15 min,Explore Regatta Harbour and photograph the spot where the Grove meets the water — boats required in frame.,Pick the boat you'd captain and christen it out loud with a brand-new name.,,https://www.regattaharbour.com/,https://www.google.com/maps/search/?api=1&query=Regatta+Harbour+3385+Pan+American+Dr+Miami+FL,https://www.instagram.com/regattaharbour/,info@regattaharbour.com,active,verified,"regattaharbour.com official site + Yelp (Regatta Grove) + Time Out coverage, checked 2026-07-07",2026-07-07,"Waterfront retail/dining/marina destination on historic Dinner Key in Coconut Grove, operated by Breakwater Hospitality Group; includes Regatta Grove dining hub and Regatta Marina. Active and operating as of July 2026 per current posted hours. Decision maker: Project Leasing Mgr; contact: info@regattaharbour.com."
government-center-station,import,Government Center Station,Government Center Station,101 NW 1st St,Miami,FL,33128,Downtown Miami,25.7757584,-80.1960776,,,The Crossroads,"Since 1984 this has been Miami's great transit crossroads — Metrorail, Metromover and Metrobus all converging in one Downtown hub. Most people pass through; this time, stop and look.",culture,easy,50,25,5–10 min,Find where the trains come and go at Government Center and capture one in motion.,"Guess where a departing train is headed, then check the board and grade yourself.",,https://www.miamidade.gov/transportation-publicworks/metrorail-stations.asp,https://www.google.com/maps/search/?api=1&query=Government+Center+Station+101+NW+1st+St+Miami+FL,https://www.instagram.com/miamidadetransit/,transit@miamidade.gov,active,verified,"Wikipedia (Government Center station (Miami)) + miamidade.gov + Yelp listing, checked 2026-07-07",2026-07-07,"Intermodal Miami-Dade Transit hub (Metrorail + Metromover + Metrobus) in the Government Center district, opened 1984. Public transit facility, not a commercial venue. Decision maker: MDT Operations; contact: transit@miamidade.gov."
tea-room-east-miami,import,Tea Room,"Tea Room at EAST, Miami",788 Brickell Plaza,Miami,FL,33131,Brickell,25.7666577,-80.1927661,,Open Thu–Sat,"High Tea, Literally","Forty floors above Brickell, open only Thursday through Saturday, hides an Asian-inspired cocktail lounge called the Tea Room. Part speakeasy, part skybox — all timing.",nightlife,medium,150,75,10–20 min,"On a Thursday, Friday or Saturday, ride up EAST Miami and find the Tea Room on the 40th floor. Capture your proof.","Toast with pinkies out. It is a tea room, after all.",,https://www.easthotels.com/en/miami/restaurants-and-bars/tea-room/,https://www.google.com/search?q=Tea+Room+EAST+Miami+788+Brickell+Plaza+reviews,https://www.instagram.com/tearoom.mia/,tearoom@easthotels.com,active,verified,"EAST Hotels official site (easthotels.com) + Yelp/Tripadvisor listings, checked 2026-07-07",2026-07-07,Decision maker: Nightlife Director. Contact: tearoom@easthotels.com. Input Instagram handle @tearoomeast could not be verified/found; the active official Instagram handle is @tearoom.mia. 40th-floor Asian-inspired cocktail lounge/speakeasy atop EAST Miami hotel; open Thu-Sat per current hotel site.
the-kampong-coconut-grove,import,The Kampong,The Kampong (National Tropical Botanical Garden),4013 S Douglas Rd,Miami,FL,33133,Coconut Grove,25.7152781,-80.2503978,,,The Secret Garden of the Grove,A historic Coconut Grove estate that became one of only five gardens in the National Tropical Botanical Garden network. Most of its cousins are in Hawaii; this one hides behind Douglas Road.,outdoors,medium,150,75,15–20 min,Explore The Kampong's grounds and photograph the tree or plant that looks most like it escaped from a storybook.,Learn one plant's name before you leave and formally introduce it to your group.,,https://ntbg.org/gardens/kampong/,https://www.google.com/search?q=The+Kampong+4013+S+Douglas+Rd+Coconut+Grove+reviews,https://www.instagram.com/thekampong/,kampong@ntbg.org,active,verified,"ntbg.org official site + Wikipedia + Apple Maps listing, checked 2026-07-07",2026-07-07,Decision maker: Garden Director. Contact: kampong@ntbg.org. One of five gardens of the National Tropical Botanical Garden; historic Fairchild/Sweeney estate. Coconut Grove is a neighborhood within the City of Miami (not a separate municipality).
miami-supercar-rooms,manual_review,Miami Supercar Rooms,Miami Supercar Rooms,2022 NW 1st Ct,Miami,FL,33127,Wynwood,25.7960064,-80.1979564,,,,,,,,,,,,,https://www.supercarrooms.com/,https://www.google.com/search?q=Miami+Supercar+Rooms+2022+NW+1st+Ct+reviews,https://www.instagram.com/supercarrooms/,info@supercarrooms.miami,active,verified,"supercarrooms.com official site + Yelp (updated July 2026) + press coverage, checked 2026-07-07",2026-07-07,"Workbook describes it as 'members-only' — conflicts with the quest rule that a first-time visitor must be able to complete a quest. Needs a partner conversation about public access before content is written. | Decision maker: Founder (Elo). Contact: info@supercarrooms.miami (unverified). Input website 'supercarrooms.miami' does not appear to be the primary domain; official site found is supercarrooms.com. World's first members-only Road Art Gallery / automotive event & dining space in Wynwood, founded 2015 by British automotive collector 'Elo'. Yelp listing updated July 2026 confirms it is operating."
dale-zine-design-district,import,Dale Zine,Dale Zine Shop,50 NE 40th St,Miami,FL,33137,Design District,25.8132334,-80.1944904,,,"Small Press, Big Energy","Miami's independent zine shop moved from Little River to the Design District in 2024, carrying its universe of small-press treasures with it. Every shelf is somebody's whole heart, photocopied.",art,easy,50,25,10–15 min,Find Dale Zine's Design District home and browse until you find a zine you've never heard of. Photograph the cover.,Greet the shop with a proper Miami 'dale!' on your way in.,,https://dalezine.com/,https://www.google.com/search?q=Dale+Zine+50+NE+40th+St+Miami+reviews,https://www.instagram.com/dale_zine/,hello@dalezine.com,active,verified,"Miami New Times (move coverage), Yelp, Miami Design District official listing, checked 2026-07-07",2026-07-07,Decision maker: Founder. Contact: hello@dalezine.com (unverified; press lists dalezine305@gmail.com as contact). IMPORTANT: Dale Zine relocated from its former Little River location (7395 NW Miami Pl) to the Miami Design District (50 NE 40th St) around January 2024. Input neighborhood 'Little River / Edge' is OUTDATED — current neighborhood is Design District.
naomis-garden-little-haiti,import,Naomi's Garden Restaurant & Lounge,Naomi's Garden Restaurant & Lounge,650 NW 71st St,Miami,FL,33150,Little Haiti,25.8395301,-80.2079248,,,The Garden of Little Haiti,A Little Haiti original with 'garden' right there in the name — the kind of neighborhood restaurant that grew a second location without losing its roots. Come find the original.,food,easy,50,25,10–15 min,Find Naomi's Garden on NW 71st Street and photograph whatever earns the 'garden' in the name.,Compliment the plants. Out loud. They've earned it.,,https://naomismiami.com/,https://www.google.com/search?q=Naomi%27s+Garden+650+NW+71st+St+Miami+reviews,https://www.instagram.com/naomismiami/,naomisgardencafe@gmail.com,active,verified,"naomismiami.com (via search snippets), Yelp, The Local Palate, checked 2026-07-07",2026-07-07,"Decision maker: Owner. Contact: naomisgardencafe@gmail.com (unverified). Input website 'naomisgarden.com' does not appear to resolve to this business; the verified official site is naomismiami.com. A second location later opened in Sunset Harbour, Miami Beach (1755 Alton Rd), but the original/primary location referenced here is Little Haiti."
broken-shaker-miami-beach,import,Broken Shaker,Broken Shaker at Freehand Miami,2727 Indian Creek Dr,Miami Beach,FL,33140,South Beach,25.8045422,-80.1263489,,,The Pop-Up That Stayed,It started as a pop-up in 2012 inside the Freehand Miami — then earned a James Beard semifinalist nod and simply never left. Some experiments succeed so hard they become institutions.,nightlife,medium,150,75,15–20 min,Find the Broken Shaker inside the Freehand and settle into the bar that refused to be temporary. Capture your spot.,Raise a toast to every pop-up that outlived its own concept.,,https://www.brokenshaker.com/location/miami-hours-and-location/,https://www.google.com/search?q=Broken+Shaker+2727+Indian+Creek+Dr+Miami+Beach+reviews,https://www.instagram.com/brokenshaker/,shaker.miami@freehandhotels.com,active,verified,"freehandhotels.com + brokenshaker.com official sites, Yelp, checked 2026-07-07",2026-07-07,"Decision maker: Bar GM. Contact: shaker.miami@freehandhotels.com. Original Miami location (started as 2012 pop-up) at Freehand Miami hotel; James Beard semifinalist. Note the address is on Indian Creek Dr near Mid-Beach, slightly north of the traditional 'South Beach/SoBe' core — sometimes categorized as 'Mid-Beach'."
macs-club-deuce,import,Mac's Club Deuce,Mac's Club Deuce,222 14th St,Miami Beach,FL,33139,South Beach,25.7852938,-80.1314647,,,The Hundred-Year Dive,"Established 1926: Miami Beach's oldest bar turns one hundred this year. Cash only, no pretense, beloved by Anthony Bourdain — a century of South Beach history in one room.",nightlife,medium,150,75,10–15 min,Step into Mac's Club Deuce and salute the century. Capture proof you stood in Miami's oldest bar. Bring cash — that's the house rule.,Ask yourself what this room has seen in 100 years. Put your best guess in a Community Note.,,https://www.macsclubdeuce.com/,https://www.google.com/search?q=Mac%27s+Club+Deuce+222+14th+St+Miami+Beach+reviews,https://www.instagram.com/macsclubdeuce/,macsclubdeuce@gmail.com,active,verified,"macsclubdeuce.com official site + Yelp (updated July 2026) + Apple Maps, checked 2026-07-07",2026-07-07,"Decision maker: Owner / Head Bartender. Contact: macsclubdeuce@gmail.com. Miami's oldest bar, established 1926, celebrating 100 years in 2026. Cash-only dive bar, an Anthony Bourdain favorite."
plant-the-future-little-river,import,Plant the Future,Plant the Future,8484 NE 2nd Ave,Miami,FL,33138,Little River,25.8531665,-80.1933545,,,The Gas Station That Grew,"Artist Paloma Teppa turned a 1960s gas station on the banks of the Little River into a biophilic art studio and gallery. Where fuel pumps once stood, a small indoor jungle now runs the place.",art,medium,150,75,10–15 min,Find the converted gas station on NE 2nd Ave and photograph the spot where art and plants blur together completely.,"Visually adopt one plant, name it, and record the adoption in your Community Note.",,https://www.plantthefuture.com/,https://www.google.com/search?q=Plant+the+Future+8484+NE+2nd+Ave+Miami+reviews,https://www.instagram.com/plantthefuture/,info@plantthefuture.com,active,verified,"plantthefuture.com official site, Yelp, 1 Hotels field guide, checked 2026-07-07",2026-07-07,"Decision maker: Creative Dir. (Paloma). Contact: info@plantthefuture.com. Founded 2008 by Paloma Teppa (industrial designer/artist) in Wynwood, later relocated to Little River art district on the banks of the Little River (converted 1960s gas station). Biophilic art/design studio, gallery, and cafe. Input neighborhood 'Design District / Edge' is imprecise — the verified current neighborhood is Little River (adjacent to, but distinct from, the Design District)."
coral-gables-congregational-church,import,Coral Gables Congregational United Church of Christ,Coral Gables Congregational United Church of Christ,3010 De Soto Blvd,Coral Gables,FL,33134,Coral Gables,25.7428751,-80.278489,,,The Landmark Across the Way,"A Mediterranean Revival landmark on the National Register of Historic Places, standing directly across from the Biltmore. One of Coral Gables' founding-era beauties — and most people drive right past it.",culture,easy,50,25,5–10 min,Find the church on De Soto Blvd and photograph your favorite Mediterranean Revival detail of the building.,Bonus challenge: frame the church and the Biltmore in a single shot.,,https://gablesucc.org/,https://www.google.com/search?q=Coral+Gables+Congregational+Church+3010+De+Soto+Blvd+reviews,https://www.instagram.com/coralgablesucc/,info@gablesucc.org,active,verified,"gablesucc.org official site, Yelp, Wikipedia, checked 2026-07-07",2026-07-07,Decision maker: Church Historian. Contact: info@gablesucc.org. Historic Mediterranean Revival church located directly across from the Biltmore Hotel; listed on National Register of Historic Places. Input Instagram handle '@gablesucc' could not be confirmed exactly — verified active account is '@coralgablesucc'.
miami-beach-boardwalk,manual_review,Miami Beach Boardwalk (Beachwalk),Miami Beach Boardwalk / Beachwalk - Mid-Beach Section,,Miami Beach,,,Mid-Beach,,,,,,,,,,,,,,,https://www.miamibeachfl.gov/city-hall/parks-and-recreation/parks-facilities-directory/beachwalk/,https://www.google.com/search?q=Miami+Beach+Boardwalk+Mid+Beach+reviews,,parks@miamibeachfl.gov,active,verified,"City of Miami Beach Parks & Recreation official page + multiple travel guides, checked 2026-07-07",2026-07-07,"Row has no street address or coordinates, and the workbook's own note says not to invent one. A linear path needs an anchor point (e.g. a specific entrance) chosen by ops before it can be imported. | Decision maker: Environmental Liaison. Contact: parks@miamibeachfl.gov. This is a public oceanfront path (the 'Beachwalk', formerly a wooden boardwalk) running roughly from 23rd St to 46th St through Mid-Beach, past the Faena, Edition, and Fontainebleau; rebuilt/completed as a wider ADA-accessible paver path in June 2022 and still in active public use. It is a linear public amenity, not a single-address business, so no street address/coordinates were assigned -- do not invent one."
over-under-downtown,import,Over Under,Over Under,151 E Flagler St,Miami,FL,33131,Downtown Miami,25.774428,-80.190885,,,Flagler Street Revival,"A cocktail bar and gastropub inside the historic Alfred I. duPont Building, where old Flagler Street grandeur meets new Downtown energy. The name is a question; the room is the answer.",nightlife,medium,150,75,10–15 min,Find Over Under on E Flagler Street and capture where the historic building meets the modern bar.,"Debate with your group: is the name about drinks, sports bets, or the building? Pick a side and die on it.",,https://overundermiami.com/,https://www.google.com/search?q=Over+Under+Miami+151+E+Flagler+St+reviews,https://www.instagram.com/overundermiami/,hello@overundermiami.com,active,verified,"Official site overundermiami.com + Yelp/Google Maps listing (151 E Flagler St), checked 2026-07-07",2026-07-07,"Decision maker: Head Chef / Owner. Contact: hello@overundermiami.com. Cocktail bar and gastropub in the historic Alfred I. duPont Building, Downtown Miami. Confirmed active with current hours via multiple 2026-updated review sites."
lost-boy-dry-goods,import,Lost Boy & Co.,Lost Boy Dry Goods,157 E Flagler St,Miami,FL,33131,Downtown Miami,25.7743673,-80.1907341,,,Get Lost Downtown,"An English-pub-style bar that opened in 2018 inside the Alfred I. duPont Building — 'Lost Boy Dry Goods,' a pub wearing a general store's name on historic Flagler Street. Getting lost here is the point.",nightlife,medium,150,75,10–15 min,Find Lost Boy Dry Goods on E Flagler Street and photograph the most un-pub-like detail of this very English pub.,Declare yourself officially lost upon entry — and found by the time you leave.,,https://www.lostboydrygoods.com/,https://www.google.com/search?q=Lost+Boy+Dry+Goods+Miami+157+E+Flagler+St+reviews,https://www.instagram.com/lostboydrygoods/,info@lostboyandco.com,active,verified,"lostboydrygoods.com official site + wearealllost.com group site + Apple Maps listing, checked 2026-07-07",2026-07-07,"Decision maker: Operator. Contact: info@lostboyandco.com. 'Lost Boy & Co.' is the parent hospitality group (founded by Chris Hudnall and Randy Alonso, official group site wearealllost.com); the actual English-pub-style bar in Downtown Miami is 'Lost Boy Dry Goods' at 157 E Flagler St (opened 2018, in the Alfred I. duPont Building). Input website 'lostboyandco.com' and Instagram handle '@lostboymiami' did not resolve to a live matching page -- corrected here to lostboydrygoods.com and @lostboydrygoods, the venue's actual live site/handle. Group is actively expanding as of July 2026 (public investment round announced)."
fairchild-tropical-garden,import,Fairchild Tropical Botanic Garden,Richard H. Simons Rainforest at Fairchild Tropical Botanic Garden,10901 Old Cutler Rd,Coral Gables,FL,33156,Coral Gables,25.676931,-80.272789,,,Rainforest Within the Garden,"Inside Fairchild's 83 acres hides the Richard H. Simons Rainforest — two acres of canopy, streams and a waterfall, growing since 2001. A rainforest, inside a garden, inside Miami.",outdoors,medium,150,75,15–20 min,Find the Simons Rainforest inside Fairchild and photograph the waterfall tucked within it.,Narrate what you see in your best nature-documentary whisper.,,https://fairchildgarden.org/,https://www.google.com/search?q=Fairchild+Tropical+Botanic+Garden+reviews,https://www.instagram.com/fairchildgarden/,info@fairchildgarden.org,active,verified,"fairchildgarden.org official site + Wikipedia + 2026-updated Yelp listing, checked 2026-07-07",2026-07-07,"Decision maker: Botanical Lead. Contact: info@fairchildgarden.org. The 'rainforest' is a two-acre exhibit (the Richard H. Simons Rainforest, opened 2001, with a 500-ft waterfall) within the larger 83-acre Fairchild Tropical Botanic Garden. Address is technically in unincorporated Miami-Dade / Coral Gables postal area (input labeled 'Coral Gables Edge'); normalized to Coral Gables. Confirmed actively operating with 2026-dated reviews."
bodega-taqueria-south-beach,import,Bodega Taqueria y Tequila,Bodega Taqueria y Tequila South Beach (Hidden Speakeasy),1220 16th St,Miami Beach,FL,33139,South Beach,25.7887693,-80.1416261,,Open daily,The Porta-Potty Portal,"By day it reads as a taqueria. But since 2014, South Beach regulars have known the truth: somewhere inside stands a fake porta-potty door, and behind it, a hidden bar. Yes, really. No, not a real porta-potty. Go find it.",hidden_gem,medium,150,75,10–15 min,Find the fake porta-potty door inside Bodega and discover what's behind it. Photograph the door — leave what's beyond it a mystery.,Walk in acting completely casual. Fail completely.,,https://www.bodegataqueria.com/location/southbeach/,https://www.google.com/search?q=Bodega+Taqueria+y+Tequila+South+Beach+reviews,https://www.instagram.com/bodegataqueria/,info@bodegataqueria.com,active,verified,"bodegataqueria.com official site + Digest Miami feature + Tripadvisor/Yelp listings, checked 2026-07-07",2026-07-07,"Decision maker: Security Lead. Contact: info@bodegataqueria.com. Bodega Taqueria y Tequila's South Beach flagship (open since Dec 2014) contains a well-documented hidden speakeasy bar accessed through a fake porta-potty door, confirmed via press coverage (Digest Miami) and Tripadvisor reviews. Active and open daily."
miami-circle-brickell,import,Miami Circle at Brickell Point,Miami Circle Park,401 Brickell Ave,Miami,FL,33131,Brickell,25.769381,-80.189919,,,"The 2,000-Year-Old Circle","In 1998, construction at the mouth of the Miami River uncovered a perfect circle of ancient postholes — a Tequesta site up to 2,700 years old. Skyscrapers rose around it; the circle stayed. It's now a public park on the Riverwalk.",culture,easy,50,25,10–15 min,Walk the Riverwalk to Brickell Point and find the Miami Circle. Photograph where the city's oldest story meets its newest skyline.,"Turn one slow, full 360° where you stand — one circle for the Circle.",,https://dos.fl.gov/historical/archaeology/projects/miami-circle/,https://www.google.com/search?q=Miami+Circle+Park+Brickell+reviews,,parks@miamigov.com,active,verified,"Florida Dept. of State Division of Historical Resources + Wikipedia/Wikidata (Miami Circle), checked 2026-07-07",2026-07-07,"Decision maker: Archeology Director. Contact: parks@miamigov.com. Input name/contact strongly matches the Miami Circle at Brickell Point archaeological site -- a Tequesta-era circle of postmolds (1,700-2,700 years old, discovered 1998) at the mouth of the Miami River, now a public waterfront park (managed with HistoryMiami involvement) directly on the Miami Riverwalk. Neighborhood corrected from generic 'Downtown' to 'Brickell' (the site sits at the Brickell/Downtown boundary at the river mouth). Coordinates sourced from search-indexed Wikidata/Google data, not independently re-verified via direct fetch (site blocked)."
