quest_id,venue_id,partner_id,slug,title,description,category,difficulty,xp_reward,points_reward,estimated_time,quest_objective,action_prompt,hero_image_url,website_url,reviews_url,reviews_source,socials_url,socials_source,qr_code,qr_destination_url,status
1194aef9-bc2f-5cc8-bbd9-e0c7a9e3e067,062ce6b7-f9df-5c53-b7b0-de16fcc22eb8,b7a5c65e-0674-54c8-9e2f-c17fe6402861,panther-coffee-wynwood,The Wynwood Original,"Joel and Leticia Pollock opened this flagship in 2010, long before the murals made Wynwood world-famous. Miami's local coffee scene grew up right here — come see where it started.",food,easy,50,25,5–10 min,"Step inside Panther's Wynwood flagship, find the panther wherever it appears, and snap a photo with it.",Give your best (quiet) panther growl before your first sip or your final photo.,,https://panthercoffee.com/,https://www.google.com/search?q=Panther+Coffee+Wynwood+2390+NW+2nd+Ave+Miami+reviews,google,https://www.instagram.com/panthercoffee/,other,PANTHER-COFFEE-WYNWOOD,/q/1194aef9-bc2f-5cc8-bbd9-e0c7a9e3e067,active
966b0064-6c61-58b2-8e49-73807184982d,4a76b5e7-7fc8-5485-90c4-403a796770c7,17fd3975-dc00-523d-be6e-6eee84d5714d,vice-city-bean-edgewater,Flagship of Vice City,"Tucked between Downtown and Wynwood in the Arts & Entertainment District, this is the flagship of a homegrown three-shop Miami coffee family. Blink on N Miami Ave and you'll miss it.",food,easy,50,25,5–10 min,Find Vice City Bean's flagship on N Miami Ave and claim the seat with the best people-watching.,Strike your most 'Vice City' pose for the camera — sunglasses optional but encouraged.,,https://vicecitybean.com/,https://www.google.com/search?q=Vice+City+Bean+1657+N+Miami+Ave+reviews,google,https://www.instagram.com/vicecitybean/,other,VICE-CITY-BEAN-EDGEWATER,/q/966b0064-6c61-58b2-8e49-73807184982d,active
21902b20-b34e-5308-9fdb-7868829a3497,1540d4fd-088d-5194-9463-47458122fca4,ec81a30a-4798-5e3f-ab15-130b8a9504d3,salty-donut-wynwood,"Donuts, Coffee, Vibes","The brand's own motto is 'donuts, coffee, vibes' — and the Wynwood shop is where Miami checks all three boxes. The lineup changes, which is exactly the fun of it.",food,easy,50,25,5–10 min,Find today's donut lineup and photograph the flavor you'd cross town for.,Rank your top three flavors out loud with whoever is next to you.,,https://www.saltydonut.com/locations/wynwood,https://www.google.com/search?q=The+Salty+Donut+Wynwood+50+NW+24th+St+Miami+reviews,google,https://www.instagram.com/thesaltydonut/,other,SALTY-DONUT-WYNWOOD,/q/21902b20-b34e-5308-9fdb-7868829a3497,active
75761f77-6be2-5a33-b815-582044bc20c8,88f4b8a6-e1c4-5417-97fb-a8511c54319f,38947068-093a-5074-8308-fb73e9368cb7,threefold-cafe-coral-gables,Down Under on Giralda,"Nick and Teresa brought Australian café culture to Coral Gables in 2014, and Giralda Avenue hasn't been the same since. Come find the Aussie accent hiding on a Spanish-named street.",food,easy,50,25,5–10 min,Find Threefold on Giralda Ave and spot one unmistakably Australian touch on the menu or in the room.,Say 'flat white' in your best Australian accent — ordering one is entirely optional.,,https://www.threefoldcafe.com/,https://www.google.com/search?q=Threefold+Cafe+141+Giralda+Ave+Coral+Gables+reviews,google,https://www.instagram.com/threefoldcafe/,other,THREEFOLD-CAFE-CORAL-GABLES,/q/75761f77-6be2-5a33-b815-582044bc20c8,active
8126cef6-7957-58f4-8dc1-c1cf747fcc8e,628b1edc-8119-5196-9d22-4465d7b944c6,f1b3973c-4035-58cb-a3b2-6a1326842801,imperial-moto-little-river,Full Throttle Coffee,"Imperial Moto's headquarters sits in Little River — not Wynwood, as many assume — and it's the flagship of a café brand that has ridden all the way to Aventura and St. Barths. Motorcycles and espresso, together at last.",food,easy,50,25,5–10 min,Find Imperial Moto's Little River headquarters and photograph the most motorcycle thing you can find.,Do a subtle engine rev with your wrist as you walk in. Vroom responsibly.,,https://www.imperialmoto.com/,https://www.google.com/search?q=Imperial+Moto+Cafe+7299+NW+2nd+Ave+Miami+reviews,google,https://www.instagram.com/imperialmoto/,other,IMPERIAL-MOTO-LITTLE-RIVER,/q/8126cef6-7957-58f4-8dc1-c1cf747fcc8e,active
8e77ef26-b4ac-574b-9b46-06a276d7577e,3d6e479e-6ef9-5cfd-bbc8-021de95e8ff5,2f64ad78-af59-54c1-897e-9ae076b0fbeb,brewing-buddha-pinecrest,The Buddha's Gallery,"Brothers Jordan and Cassidy Athos opened this café-meets-arthouse in Pinecrest in 2017. Half the room runs on caffeine, the other half on creativity — explore both.",food,easy,50,25,5–10 min,Explore the arthouse side of the café and photograph the artwork that speaks to you most.,Hold a ten-second zen pose in front of your favorite piece.,,https://www.brewingbuddha.com/,https://www.google.com/search?q=Brewing+Buddha+Cafe+8219+SW+124th+St+Pinecrest+reviews,google,https://www.instagram.com/brewingbuddha/,other,BREWING-BUDDHA-PINECREST,/q/8e77ef26-b4ac-574b-9b46-06a276d7577e,active
8569454a-0457-5805-8b85-997b42155ed2,8b802b8f-454c-59e7-8397-8e52b8028121,8b5e8dfd-4d3a-5e78-b0db-a018c6ba2068,sweat-records-little-haiti,Crate Digger,"Lolo Reskin opened Sweat Records in 2005, and twenty years later it's still Miami's independent record store — right next to Churchill's Pub. Digging is the whole point: your next favorite album is in here somewhere.",culture,medium,150,75,10–15 min,Dig through the crates and find one record older than Sweat Records itself (2005). Photograph your find.,Air-drum one chorus of whatever record you found. Full commitment.,,https://www.sweatrecordsmiami.com/,https://www.google.com/search?q=Sweat+Records+5505+NE+2nd+Ave+Miami+reviews,google,https://www.instagram.com/sweatrecords/,other,SWEAT-RECORDS-LITTLE-HAITI,/q/8569454a-0457-5805-8b85-997b42155ed2,active
7dd057e2-0f2d-5315-8ec9-57bb715c0773,3a4cc420-5ef9-5972-87f2-0b19eb5bea6b,410e40e4-eaec-57a2-948f-5a54e18284f0,books-and-books-coral-gables,Shelf Discovery,Miami's iconic independent bookstore has anchored Coral Gables since 1982. Algorithms recommend what you already like — these shelves recommend what you didn't know existed.,culture,medium,150,75,10–15 min,Wander the flagship's shelves and find one book you'd never have discovered online. Photograph the cover where you found it.,Read your find's first sentence out loud to whoever came with you.,,https://www.booksandbooks.com/,https://www.google.com/search?q=Books+%26+Books+265+Aragon+Ave+Coral+Gables+reviews,google,https://www.instagram.com/booksandbooks/,other,BOOKS-AND-BOOKS-CORAL-GABLES,/q/7dd057e2-0f2d-5315-8ec9-57bb715c0773,active
3cef83c3-7d8d-5f7b-b122-7af4a8e08b6f,7a0964cc-7ec6-5a79-b2e8-45474df501c2,013760c2-e7bc-5bc6-8226-a0887e82c453,rosetta-bakery-south-beach,La Dolce Collins,"An Italian bakery holding its corner of Collins Avenue since 2015, steps from Lincoln Road. The pastry case is the exhibit; admission is free.",food,easy,50,25,5–10 min,Study the pastry counter and photograph the most Italian thing in the case.,Whisper 'che bello' at the pastry case like you truly mean it.,,https://www.rosettabakery.com/,https://www.google.com/search?q=Rosetta+Bakery+1666+Collins+Ave+Miami+Beach+reviews,google,https://www.instagram.com/rosettabakery/,other,ROSETTA-BAKERY-SOUTH-BEACH,/q/3cef83c3-7d8d-5f7b-b122-7af4a8e08b6f,active
f8a566ab-ff32-5de0-ad1a-7230416f3f8b,61027ac0-fb14-523b-8d20-8443f246e97d,fed2dca2-9985-578d-bbda-5e2c59018af9,under-the-mango-tree-sofi,Mango State of Mind,"A little South of Fifth spot with a name that promises shade, sweetness, and no hurry whatsoever. Slow down to South Beach walking pace and find out what the name means to you.",food,easy,50,25,5–10 min,Find Under the Mango Tree just off Fifth Street and photograph whatever you think earned it the name.,Point at your photo subject and declare 'that's the mango tree' with total confidence.,,https://www.mangotreemiami.com/,https://www.google.com/maps/search/?api=1&query=Under+the+Mango+Tree+737+5th+St+Miami+Beach+FL,google,https://www.instagram.com/underthemangotreemiami/,other,UNDER-THE-MANGO-TREE-SOFI,/q/f8a566ab-ff32-5de0-ad1a-7230416f3f8b,active
46d7501e-7aca-586d-a099-b8af0607d8e0,f297d4f8-9526-5c0d-9c43-c3dba53079a4,34dbd889-65bc-584c-84e8-4ccd262de7da,dasher-and-crank-wynwood,The Dasher & Crank Riddle,The name is a riddle: what do a 'dasher' and a 'crank' have in common? Walk into this Wynwood shop and the answer becomes deliciously obvious.,food,easy,50,25,5–10 min,Find Dasher & Crank on NW 2nd Ave and solve the name — the menu board is a good place to start. Photograph your evidence.,"Guess the answer out loud before you walk in, then grade yourself at the counter.",,https://dasherandcrank.com/,https://www.google.com/maps/search/?api=1&query=Dasher+%26+Crank+2211+NW+2nd+Ave+Miami+FL,google,https://www.instagram.com/dashercrank/,other,DASHER-AND-CRANK-WYNWOOD,/q/46d7501e-7aca-586d-a099-b8af0607d8e0,active
f83fafee-9d6f-5c55-99f2-cf2df2fa9c51,ce80b621-f3a6-5010-86f2-5e110dd54c14,63bbc92f-9faa-55d5-b68a-0ac653f0ad1c,midorie-coconut-grove,Lost in the Grove,'Midori' is Japanese for green — and this Main Highway spot sits in Miami's greenest neighborhood. Step inside and decide for yourself whether the name fits.,hidden_gem,easy,50,25,5–10 min,Find Midorie on Coconut Grove's Main Highway and photograph the greenest corner you can find.,Give your photo an art-gallery title and announce it out loud.,,https://www.midoriemiami.com/,https://www.google.com/maps/search/?api=1&query=Midorie+Miami+3444+Main+Hwy+Miami+FL,google,https://www.instagram.com/midorie_miami/,other,MIDORIE-COCONUT-GROVE,/q/f83fafee-9d6f-5c55-99f2-cf2df2fa9c51,active
bf8555e0-2c49-5b14-bba9-362bd12273e8,89561c5f-7ce2-5d91-8999-50cc258c7d08,042a4a79-469b-55b5-b06a-ec5d012aa167,the-corner-downtown,Meet Me at The Corner,A Park West bar that's exactly what it says on the sign. Downtown's night crowd has been meeting at this corner of N Miami Ave for years — now it's your turn.,nightlife,medium,150,75,10–15 min,"Post up at The Corner and capture proof you found it — the sign, the room, or your spot at the bar.",Raise whatever you're holding and toast 'to the Corner.' Water counts.,,https://www.thecornermiami.com/,https://www.google.com/maps/search/?api=1&query=The+Corner+1035+N+Miami+Ave+Miami+FL,google,https://www.instagram.com/thecornermiami/,other,THE-CORNER-DOWNTOWN,/q/bf8555e0-2c49-5b14-bba9-362bd12273e8,active
aecdaf4a-c974-5246-86d4-0bb90b1de150,97c2c829-1eba-53c0-84e4-f02dfd40ef40,a29163be-6b51-5842-9d44-b0d0deb646f6,miam-cafe-wynwood,Say 'Miam','Miam' is French for 'yum' — the entire mission statement in four letters. Find the Wynwood café that named itself after the sound you make when the plate arrives.,food,easy,50,25,5–10 min,Find Miam Café and photograph the thing on the menu that makes you go 'miam.',Actually say 'miam' out loud when you spot it. It's the law of the quest.,,https://www.miamcafe.com/,https://www.google.com/maps/search/?api=1&query=Miam+Cafe+2750+NW+3rd+Ave+Miami+FL,google,https://www.instagram.com/miam.cafe/,other,MIAM-CAFE-WYNWOOD,/q/aecdaf4a-c974-5246-86d4-0bb90b1de150,active
fb12d6c3-465f-5130-9aa9-d06d87e2a182,bc413e35-329b-5329-ad1e-f2a22d5cf2e4,6c739246-f141-592a-b037-fa7e59f617cc,el-carajo-coral-way,Fill Up on Tapas,"From the street it's a working Mobil gas station. Inside, since 1981, it's been a Spanish tapas and wine destination. This is the most Miami plot twist on Coral Way — and one of the city's great hidden doors.",hidden_gem,medium,150,75,10–15 min,Walk past the gas pumps and find the tapas-and-wine restaurant hiding inside. Photograph the exact spot where gas station turns into Spain.,"Text a friend 'I'm at a gas station,' then send your photo with zero explanation.",,https://el-carajo.com/,https://www.google.com/maps/search/?api=1&query=El+Carajo+2465+SW+17th+Ave+Miami+FL,google,https://www.instagram.com/theelcarajo/,other,EL-CARAJO-CORAL-WAY,/q/fb12d6c3-465f-5130-9aa9-d06d87e2a182,active
35d5c752-ef36-5b64-a47c-b5f49a66a340,e18a2c1e-1f8a-5d9d-99ff-0484a375fa60,0c17f4b2-fe1e-5e95-8790-628c66f31a5a,pasion-del-cielo-brickell,Heaven on Brickell,"The name means 'passion of heaven,' and it sits in the middle of Brickell's canyon of glass towers. Duck out of the financial district for ten minutes of the good stuff.",food,easy,50,25,5–10 min,Find Pasión del Cielo on Brickell Ave and photograph its name where it appears — then add your own translation.,Salute the sky as you walk in. El cielo will understand.,,https://www.pasiondelcielo.com/,https://www.google.com/maps/search/?api=1&query=Pasion+del+Cielo+Coffee+907+Brickell+Ave+Miami+FL,google,https://www.instagram.com/pasiondelcielocoffee/,other,PASION-DEL-CIELO-BRICKELL,/q/35d5c752-ef36-5b64-a47c-b5f49a66a340,active
2ef644f5-f352-5856-a454-47070ed877f8,fbca77fb-abae-5c1a-9a15-2ccaa331a278,94351bfa-6108-526e-afc3-cdf02a54a8a2,wynwood-walls,Walls That Talk,An open-air museum where the galleries have no ceilings and the canvases are entire buildings. Timed entry tickets get you in the gates — curiosity does the rest.,art,medium,150,75,15–20 min,"Wander the outdoor galleries and find the mural that stops you mid-step. Photograph it, and hunt down the artist's name.","Match your pose to the mural. Yes, exactly like that.",,https://thewynwoodwalls.com/,https://www.yelp.com/biz/wynwood-walls-miami,yelp,https://www.instagram.com/wynwoodwallsofficial/,other,WYNWOOD-WALLS,/q/2ef644f5-f352-5856-a454-47070ed877f8,active
b66e6390-cdbf-5b91-a613-def6cb716e0d,be92a4e5-2635-5364-8ada-a5e99d0fdd0a,499e378f-6144-5a1a-878d-b9c8193b3544,perez-art-museum-miami,Art on the Bay,"PAMM sits at the water's edge of Maurice A. Ferré Park, next door to the Kaseya Center. Inside: contemporary art. Outside: Biscayne Bay doing its best to compete with it.",art,medium,150,75,15–20 min,Find the one artwork inside PAMM you'd hang at home — then find the bay view and decide which one wins.,Leave a one-word review of your favorite piece in your Community Note.,,https://www.pamm.org/,https://www.yelp.com/biz/p%C3%A9rez-art-museum-miami-miami-7,yelp,https://www.instagram.com/pamm/,other,PEREZ-ART-MUSEUM-MIAMI,/q/b66e6390-cdbf-5b91-a613-def6cb716e0d,active
26fad17b-865f-558e-a355-5c025c4ce02a,defa0c13-d01c-5168-95ff-c256afb9a06b,df3058d3-c3a4-5322-bdf2-2c5ed6bb64f8,ica-miami,"Free Art, Big Ideas","A contemporary art museum in the Design District where admission is always free — and the museum is growing into the buildings next door. Zero dollars, maximum strangeness.",art,medium,150,75,15–20 min,"Walk in (it's free), explore a floor, and photograph the most wonderfully strange thing you find — where photos are allowed.","Later, describe that piece to a friend in exactly five words.",,https://icamiami.org/,https://www.yelp.com/biz/institute-of-contemporary-art-miami-miami-2,yelp,https://www.instagram.com/icamiami/,other,ICA-MIAMI,/q/26fad17b-865f-558e-a355-5c025c4ce02a,active
1289e7fc-a10a-5f27-abda-c1e52cc67b09,421f85f6-07e7-5392-8ef6-ded4d17e1021,617044a3-282a-5211-bf44-49065ab56969,bachour-coral-gables,The Pastry Michelin Knows,Chef Antonio Bachour's Coral Gables bakery-restaurant carries a Michelin Bib Gourmand — the guide's nod for cooking that seriously over-delivers. The pastry display is the gallery; you're the jury.,food,easy,50,25,5–10 min,Find Bachour on Salzedo St and photograph the pastry display — then pick the one you'd personally award a star.,Announce your winner with a full chef's kiss. Mwah.,,https://antoniobachour.com/,https://www.yelp.com/biz/bachour-coral-gables,yelp,https://www.instagram.com/bachourmiami/,other,BACHOUR-CORAL-GABLES,/q/1289e7fc-a10a-5f27-abda-c1e52cc67b09,active
f0fcafb0-90d7-54aa-84e4-1532ed7f1801,5cfc815f-9a61-529e-9c82-e27c7a4be290,5474f431-39f5-5368-ae3c-087317e8bafb,temple-house-south-beach,Deco in Disguise,Architect L. Murray Dixon built this South Beach landmark in 1933; today it's a private event space hiding on quiet Euclid Avenue. You can't wander inside uninvited — but the Art Deco facade belongs to everyone.,culture,easy,50,25,5–10 min,Find the 1933 Temple House on Euclid Ave and photograph its Art Deco facade from the sidewalk.,Frame your shot like a 1930s postcard. Caption it 'Greetings from Miami Beach.',,https://thetemplehouse.com/,https://www.yelp.com/biz/the-temple-house-miami-beach,yelp,https://www.instagram.com/thetemplehouse/,other,TEMPLE-HOUSE-SOUTH-BEACH,/q/f0fcafb0-90d7-54aa-84e4-1532ed7f1801,active
fc2b6028-5ab4-5b0d-897b-b2a91baadbf9,316c048c-ce1c-53a7-a3d3-59ccaa896e5e,856c13bf-067d-51ad-b3d0-90a47254fead,e11even-miami,The Club That Never Sleeps,"A 24-hour ultraclub ranked among the best on the planet — Downtown Miami's round-the-clock heartbeat. Whatever hour you arrive, you're on time. 21+ only.",nightlife,medium,150,75,10–20 min,"Make it to E11EVEN — any hour works, it never closes — and capture proof you found Miami's 24-hour ultraclub.",Caption your photo with the exact time you were there. Sunrise entries earn eternal respect.,,https://www.11miami.com/,https://www.yelp.com/biz/e11even-miami-4,yelp,https://www.instagram.com/11miami/,other,E11EVEN-MIAMI,/q/fc2b6028-5ab4-5b0d-897b-b2a91baadbf9,active
a8f2d4f3-8541-55f8-9972-60574a392f48,0f54cfae-e204-56cc-adbe-ce3ebbb828fc,7822bca9-8c50-549d-8a93-a8cee544a19d,sugar-rooftop-east-miami,Forty Floors Up,Ride to the 40th floor of EAST Miami and step into a Balinese-inspired rooftop garden floating over Brickell. Up here the skyline isn't the backdrop — it's the whole show.,nightlife,medium,150,75,10–20 min,Reach Sugar on EAST Miami's 40th floor and capture the Brickell skyline from the rooftop.,Point at the tallest tower you can see and calmly claim it as your future office.,,https://www.easthotels.com/en/miami/restaurants-and-bars/sugar/,https://www.yelp.com/biz/sugar-miami-2,yelp,https://www.instagram.com/sugar.rooftop/,other,SUGAR-ROOFTOP-EAST-MIAMI,/q/a8f2d4f3-8541-55f8-9972-60574a392f48,active
e80da8a5-6380-505e-9246-d6fa2f2af0a4,11b2fa14-eb93-5809-b4ef-73be47f08d91,ab1faa46-f085-5e74-96b1-13091b98a1e6,lagniappe-house-midtown,A Little Something Extra,"'Lagniappe' is an old Louisiana word for a little unexpected bonus — and this award-winning wine bar and jazz house on the Wynwood-Edgewater border lives up to it, all the way to the garden out back.",nightlife,medium,150,75,15–20 min,"Explore the house, find the garden, and settle in. Photograph your spot.",Use 'lagniappe' in a sentence on your way out. Bonus points if it lands naturally.,,http://www.lagniappehouse.com/,https://www.yelp.com/biz/lagniappe-miami-3,yelp,https://www.instagram.com/lagniappehouse/,other,LAGNIAPPE-HOUSE-MIDTOWN,/q/e80da8a5-6380-505e-9246-d6fa2f2af0a4,active
c7725659-24d7-51eb-ba92-468c2622bbce,0ec8d3e2-bb74-5eef-94f4-e6c6f6c6f9ea,7fe7ecdd-5738-50cf-b188-9dd31c746ba4,dantes-hifi-wynwood,Drop the Needle,"A vinyl listening bar in Wynwood where the records are the headliner. This is nightlife at 33⅓ RPM: sit down, tune in, and let someone else's crates change your taste.",nightlife,medium,150,75,15–20 min,Find Dante's HiFi and stay through at least one full song with your phone down. Then capture one discreet photo of the night.,Drop the song that was playing into your Community Note — future adventurers will thank you.,,https://danteshifi.com/,https://www.yelp.com/biz/dantes-hifi-miami,yelp,https://www.instagram.com/danteshifi/,other,DANTES-HIFI-WYNWOOD,/q/c7725659-24d7-51eb-ba92-468c2622bbce,active
7d118a13-e2cd-5075-aa27-6bfe755b95c6,d3be2ff4-dd15-59a7-bae7-2d5e66849ce7,4419365c-e6be-59ab-b81a-8c46e679f909,superblue-miami,Step Inside the Art,"In Allapattah, directly across from the Rubell Museum, Superblue trades picture frames for entire rooms. You don't look at this art — you walk into it.",art,medium,150,75,15–20 min,Lose yourself in an immersive room and photograph the moment reality bends.,Take one photo where it's genuinely impossible to tell which way is up.,,https://www.superblue.com/,https://www.yelp.com/biz/superblue-miami-miami-2,yelp,https://www.instagram.com/superbluemiami/,other,SUPERBLUE-MIAMI,/q/7d118a13-e2cd-5075-aa27-6bfe755b95c6,active
5a677ae0-ca95-55d4-9795-13c09141303a,6eb2e4f0-ff69-5f26-8191-1bb8382cef34,f34c4834-f4f2-558a-b365-02eb6494393c,standard-spa-miami-beach,Island of Calm,"An adults-only spa hideaway on Belle Isle, floating between Miami and Miami Beach. The quest is the journey: leave the mainland pace behind and find the island where wellness is the whole point.",fitness,medium,150,75,10–15 min,Make your way onto Belle Isle and find the entrance to The Standard. Photograph your arrival.,"Take one deep, dramatic spa breath at the entrance. In through the nose. You've earned it.",,https://www.standardhotels.com/miami/properties/miami-beach,https://www.yelp.com/biz/the-standard-spa-hotel-miami-beach,yelp,https://www.instagram.com/thestandardmiami/,other,STANDARD-SPA-MIAMI-BEACH,/q/5a677ae0-ca95-55d4-9795-13c09141303a,active
fb79ddde-85fd-521c-a354-0dd4a144a96f,42b31588-7629-5b8c-983b-3067c04f657f,8397b449-800f-5c57-b5b3-c492219c5e57,komodo-brickell,Dragon Hunting in Brickell,"Named after the world's largest lizard and built to match, Komodo is Brickell dining at full spectacle. Come see why this corner of Brickell Avenue roars.",food,medium,150,75,10–15 min,Track down Komodo on Brickell Ave and photograph the boldest detail of the space you can find.,Work your subtlest dragon impression into the photo. Subtle. We mean it.,,https://komodomiami.com/,https://www.google.com/search?q=Komodo+Miami+Brickell+reviews,google,https://www.instagram.com/komodomiami/,other,KOMODO-BRICKELL,/q/fb79ddde-85fd-521c-a354-0dd4a144a96f,active
307c71dc-ad8e-546a-89b3-7327c535d063,cfb6485e-3772-5d94-82bc-64fa0865d54d,b7dec364-dff7-5da4-a66c-b8b127afe2dc,joia-beach-watson-island,Island Detour,"Watson Island hides in plain sight between Downtown and South Beach — and Joia Beach is its shoreline reward. Cross the water, slow down, and catch the skyline from the sand side.",outdoors,medium,150,75,10–20 min,Find your way onto Watson Island and capture the Miami skyline from Joia Beach.,Shoes off for the photo. Mandatory? No. Correct? Absolutely.,,https://joiabeachmiami.com/,https://www.google.com/search?q=Joia+Beach+Miami+reviews,google,https://www.instagram.com/joiabeach/,other,JOIA-BEACH-WATSON-ISLAND,/q/307c71dc-ad8e-546a-89b3-7327c535d063,active
125eb697-a516-549b-a97c-14829ae553c7,c30b0989-aeab-5535-bf9a-00f0f92d28c8,af6b0db8-0e00-5f33-8e85-870f037269a4,sexy-fish-brickell,Something's Fishy,"With a name like Sexy Fish, subtlety was never the plan. This Brickell dining room goes all-in on glamour — come see how deep the theme swims.",food,medium,150,75,10–15 min,Step into Sexy Fish on S Miami Ave and photograph the most extravagant detail you can find. There are contenders.,Name your photo like a perfume ad and share the title with your table.,,https://sexyfishmiami.com/,https://www.google.com/search?q=Sexy+Fish+Miami+reviews,google,https://www.instagram.com/sexyfishmiami/,other,SEXY-FISH-BRICKELL,/q/125eb697-a516-549b-a97c-14829ae553c7,active
93a9ffe4-4e23-52b4-bb65-48ec6a292592,04a443e2-13f5-5c44-b438-41d6ca8d957c,b3e6fae9-38f7-52e0-a4c3-17d2e88ef2f9,the-bass-south-beach,Bass Notes,Miami Beach's contemporary art museum holds down Collins Park a couple of blocks from the sand. Ocean Drive gets the postcards; The Bass gets the ideas.,art,medium,150,75,15–20 min,"Explore The Bass and photograph two things: one artwork, and one detail of the building itself.",Give your favorite piece a one-word title and drop it in your Community Note.,,https://thebass.org/,https://www.google.com/search?q=The+Bass+Museum+Miami+Beach+reviews,google,https://www.instagram.com/thebassmoa/,other,THE-BASS-SOUTH-BEACH,/q/93a9ffe4-4e23-52b4-bb65-48ec6a292592,active
e31072cf-e83b-5c36-8254-55a69d2bd500,e2f43f10-1882-5b1c-a43a-453ba03fcdc7,d7487d41-d93b-5ef5-ba8a-381866d6b5a0,ball-and-chain-little-havana,Calle Ocho After Dark,"On Calle Ocho, in the heart of Little Havana, Ball & Chain is where the neighborhood turns the volume up. Some bars you visit; this one you feel.",nightlife,medium,150,75,15–20 min,Find Ball & Chain on SW 8th Street and capture the moment that feels most alive.,Let your shoulders do a little salsa on the way in. Resistance is futile.,,https://ballandchainmiami.com/,https://www.google.com/search?q=Ball+and+Chain+Miami+reviews,google,https://www.instagram.com/ballandchainmia/,other,BALL-AND-CHAIN-LITTLE-HAVANA,/q/e31072cf-e83b-5c36-8254-55a69d2bd500,active
1bc37699-6441-5d08-8919-5e8862c51266,6b7bfbce-d54d-5bae-a404-a3556226af26,919575e4-6804-5009-88a5-7deb8ee68e11,rubell-museum-allapattah,The Collectors' Warehouse,One family's contemporary art collection grew until it needed its own museum in Allapattah — right across the street from Superblue. Wander it like the world's most serious garage sale.,art,medium,150,75,15–20 min,Explore the Rubell and find the artwork you'd smuggle home if no one were watching. Photograph it legally instead.,Estimate its price out loud. Then add three zeros.,,https://rubellmuseum.org/,https://www.google.com/search?q=Rubell+Museum+Miami+reviews,google,https://www.instagram.com/rubellmuseum/,other,RUBELL-MUSEUM-ALLAPATTAH,/q/1bc37699-6441-5d08-8919-5e8862c51266,active
5cb22f72-5dd3-526f-9ef4-63e9926b1f0f,e3b25e07-5c7f-5eb7-89ee-4484b4896fb5,cc5bcf3c-8768-582d-9857-4b8bd0521b32,brickell-city-centre,The Vertical City,"A shopping city stacked into the middle of Brickell, and still growing — its busiest month on record was as recent as April 2025. The stores are the excuse; the architecture is the reason.",shopping,easy,50,25,10–15 min,Explore Brickell City Centre's levels and photograph the view where the architecture steals the show from the shops.,Window-shop one store wildly outside your budget with complete confidence.,,https://brickellcitycentre.com/,https://www.google.com/search?q=Brickell+City+Centre+Miami+reviews,google,https://www.instagram.com/brickellcitycentre/,other,BRICKELL-CITY-CENTRE,/q/5cb22f72-5dd3-526f-9ef4-63e9926b1f0f,active
77ea42de-fedb-5fbd-a6a1-a84449b9d87c,f752f8f9-7f21-5823-acbd-9bc90363535f,a8368acf-f984-5d35-bd3a-c283875d5706,bayside-marketplace,Where Downtown Meets the Bay,"Downtown's waterfront marketplace, where the shopping ends at the edge of Biscayne Bay. Skip the mall part first — go straight to the water and work backwards.",shopping,easy,50,25,10–15 min,"Find the spot where Bayside meets the bay and capture the water, boats and skyline in one frame.","Wave at a passing boat. If they wave back, it counts double.",,https://baysidemarketplace.com/,https://www.google.com/search?q=Bayside+Marketplace+Miami+reviews,google,https://www.instagram.com/baysidemarketplace/,other,BAYSIDE-MARKETPLACE,/q/77ea42de-fedb-5fbd-a6a1-a84449b9d87c,active
7c60b065-a84e-58da-8f06-a3f4587a8cfa,53c6867a-1cd4-5474-b0b5-d72e6d52b27a,8723bb30-c43e-5dd1-9c7b-a55541c17b41,1800-lucky-wynwood,Six Ways Lucky,"Miami's first Asian food hall: 10,000 square feet in Wynwood holding six kitchens under one roof. One address, six chances your night improves.",food,medium,150,75,10–15 min,Walk the full hall and find all six food concepts. Photograph the counter or dish you'd try first.,Spin once on your heel and let fate point you to a counter.,,https://1800lucky.com/,https://www.google.com/search?q=1-800-Lucky+Wynwood+Miami+reviews,google,https://www.instagram.com/1800lucky/,other,1800-LUCKY-WYNWOOD,/q/7c60b065-a84e-58da-8f06-a3f4587a8cfa,active
3f5adf54-783c-5f9d-b1a5-0816fbea53ef,97c960d0-55e2-5fcf-be27-e5c1dc78f58d,fd491c98-f9f9-55df-bdd2-524064c0cf50,lummus-park-south-beach,Postcard Row,"Seventy-four acres of oceanfront park running along Ocean Drive through the Art Deco Historic District. Palms on one side, pastel architecture on the other — the most photographed stretch of Miami Beach, waiting for your version.",outdoors,easy,50,25,10–15 min,Walk the stretch where Lummus Park's palms meet the Art Deco skyline and capture the most Miami photo possible.,Add a flamingo pose. One leg. You know the one.,,https://www.miamibeachfl.gov/city-hall/parks-and-recreation/parks-facilities-directory/lummus-park/,https://www.google.com/search?q=Lummus+Park+Miami+Beach+reviews,google,https://www.instagram.com/cityofmiamibeach/,other,LUMMUS-PARK-SOUTH-BEACH,/q/3f5adf54-783c-5f9d-b1a5-0816fbea53ef,active
8bcf25da-8073-5260-8722-2bf942b352fa,7a74344f-5262-599b-8922-59a9fc7f8613,7ccaef07-9288-5d31-8b40-0061bc3ddf10,miami-design-district,The Palm Court Puzzle,"A whole neighborhood curated like a gallery — luxury storefronts, public art and architecture competing politely for your attention. Somewhere in the middle hides Palm Court, the district's gathering spot.",shopping,medium,150,75,15–20 min,Explore the district's public spaces until you find Palm Court. Photograph the storefront or installation that stopped you along the way.,Pick the display window that best matches your personality. Defend your choice.,,https://www.miamidesigndistrict.com/,https://www.google.com/search?q=Miami+Design+District+reviews,google,https://www.instagram.com/miamidesigndistrict/,other,MIAMI-DESIGN-DISTRICT,/q/8bcf25da-8073-5260-8722-2bf942b352fa,active
6f78cab4-49e2-5ad2-b540-b9b05ee13985,6cb7bcbb-c52f-5dd0-bc00-580e92d8f786,636d6c24-dd1c-57b7-9b79-94481e239b2b,miami-worldcenter,City Under Construction,"Ten blocks of Park West being rebuilt into a brand-new district — towers, promenades and street-level retail rising in real time. Walk it now and you'll be able to say you saw it happen.",shopping,easy,50,25,10–15 min,Walk Miami Worldcenter's new blocks and photograph old Miami and new Miami in a single frame.,Record a five-second voice memo predicting what this block looks like in ten years.,,https://miamiworldcenter.com/,https://www.google.com/search?q=Miami+Worldcenter+reviews,google,https://www.instagram.com/miamiworldcenter/,other,MIAMI-WORLDCENTER,/q/6f78cab4-49e2-5ad2-b540-b9b05ee13985,active
ef37220b-c1f4-578a-b0cc-2bbe3b575fb4,ff8d6a60-1390-586c-89ed-06b9c7cea515,a20285f9-cb39-5da1-8882-a597e5158d0c,miracle-mile-coral-gables,The Half-Mile Miracle,Coral Gables' signature stretch of Coral Way — half a mile of storefronts with a very confident name. Walk it end to end and issue your own verdict.,shopping,easy,50,25,15–20 min,Walk Miracle Mile from one end to the other and photograph your favorite storefront along the way.,Deliver your verdict in a Community Note: does it earn the name 'Miracle'?,,https://www.coralgables.com/attractions/miracle-mile,https://www.google.com/maps/search/?api=1&query=Miracle+Mile+Coral+Gables+FL,google,https://www.instagram.com/cityofcoralgables/,other,MIRACLE-MILE-CORAL-GABLES,/q/ef37220b-c1f4-578a-b0cc-2bbe3b575fb4,active
192fe224-7d8b-5c25-a708-4cfb241f0272,6d4f6842-8525-5831-92de-fdb4727ed574,5e937cc3-c9da-52d6-9aa4-833b48cd20be,kaseya-center-plaza,Home Court,"The 23,000-square-foot East Plaza outside Kaseya Center is Downtown's pre-game front porch — and on quiet days, a bayfront shortcut with an arena-sized backdrop. Game night or ghost town, the Heat's house is worth the walk.",culture,easy,50,25,5–10 min,Find the East Plaza at Kaseya Center and capture the arena where the Heat play — game day or not.,Practice your championship-parade wave across the plaza.,,https://www.kaseyacenter.com/,https://www.google.com/maps/search/?api=1&query=Kaseya+Center+601+Biscayne+Blvd+Miami+FL,google,https://www.instagram.com/kaseyacenter/,other,KASEYA-CENTER-PLAZA,/q/192fe224-7d8b-5c25-a708-4cfb241f0272,active
208f2e94-7a65-5e42-b36d-4a2ea0992b46,38309324-6a3f-5d8c-bc53-36939a4d3559,dce8d898-6e8d-554a-9922-17d2c1326c0e,jungle-island,The Wild Side of Watson Island,"An eco-adventure park on Watson Island, minutes from Downtown and open daily. Skyscrapers on one horizon, jungle canopy on the other — Miami's weirdest, wildest border crossing.",outdoors,medium,150,75,15–20 min,Explore Jungle Island and photograph the most tropical resident you meet.,Imitate the call of the loudest bird you hear. Commit fully.,,https://www.jungleisland.com/,https://www.google.com/maps/search/?api=1&query=Jungle+Island+1111+Parrot+Jungle+Trail+Miami+FL,google,https://www.instagram.com/jungleisland/,other,JUNGLE-ISLAND,/q/208f2e94-7a65-5e42-b36d-4a2ea0992b46,active
6ce551ac-e782-5f2d-9078-0dc88fa4db72,861e0c2e-4010-584e-bab5-42fc8eea9403,06b8dc6d-d62d-5853-87de-600cf264d3d2,giralda-plaza,The Pedestrian's Feast,Coral Gables closed this block of Giralda Avenue to cars in 2017 and handed it to dinner tables. It's downtown's open-air dining room — walk it slow.,food,easy,50,25,5–10 min,Stroll pedestrian-only Giralda Plaza end to end and photograph the table you'd claim on a Friday night.,Rate the plaza's people-watching out of ten. Out loud.,,https://www.coralgables.com/attractions/giralda-plaza,https://www.google.com/maps/search/?api=1&query=Giralda+Plaza+Coral+Gables+FL,google,https://www.instagram.com/giraldaplaza/,other,GIRALDA-PLAZA,/q/6ce551ac-e782-5f2d-9078-0dc88fa4db72,active
3a01d0e9-5bce-5fc4-88aa-8252bebe58a2,3451f07f-6eb2-559e-871d-14faae13b003,208abc78-1331-5ded-a5d6-a252c9974594,jungle-plaza-design-district,Through the Portal,"A 33,000-square-foot open plaza in the Design District, home to Criola's 'Interdimensional Portal' mural. As advertised: it's a portal. Interdimensionally speaking.",art,easy,50,25,5–10 min,Find Criola's 'Interdimensional Portal' mural at Jungle Plaza and step through it — photographically speaking.,Pose like you're mid-teleport. Hair matters here.,,https://www.miamidesigndistrict.com/event-venue/742/jungle-plaza/,https://www.google.com/maps/search/?api=1&query=Jungle+Plaza+3801+NE+1st+Ave+Miami+FL,google,https://www.instagram.com/miamidesigndistrict/,other,JUNGLE-PLAZA-DESIGN-DISTRICT,/q/3a01d0e9-5bce-5fc4-88aa-8252bebe58a2,active
8f832778-54cd-5d54-bad1-f820de54ea39,49e25061-35a8-5ed1-9c65-8238bc62bbf4,0e518098-b8c2-5a78-af0f-1b4a38cb4d45,citizens-miamicentral,Eat Like a Commuter,"A food hall built into Brightline's MiamiCentral station, where intercity trains and lunch counters share a roof. The rare place where 'grabbing a bite before the train' is the destination.",food,easy,50,25,10–15 min,"Find the food hall inside MiamiCentral station and photograph the scene — trains, counters and all.",Time your photo to a Brightline arrival if you can. Patience is a virtue.,,https://www.gobrightline.com/,https://www.google.com/maps/search/?api=1&query=Citizens+MiamiCentral+600+NW+1st+Ave+Miami+FL,google,https://www.instagram.com/citizens_miamicentral/,other,CITIZENS-MIAMICENTRAL,/q/8f832778-54cd-5d54-bad1-f820de54ea39,active
3479422e-08ef-5673-83d2-557027a01877,4f8b3159-5218-59b2-b342-11bc9abc7359,a2bdfb29-2728-54f6-8142-de371f679c40,maurice-ferre-park,The Museum's Front Yard,"Thirty acres of downtown waterfront green, renamed in 2019 for Miami's former mayor — with PAMM and the Frost Science Museum living inside it. Culture on one side, Biscayne Bay on the other, grass in between.",outdoors,easy,50,25,10–15 min,Walk the park's waterfront and frame one photo with the bay on one side and the museums on the other.,Find the best patch of grass and claim it for exactly one minute of doing absolutely nothing.,,https://www.miami.gov/Parks-Public-Places/Parks-Directory/Maurice-A.-Ferre-Park,https://www.google.com/maps/search/?api=1&query=Maurice+A.+Ferre+Park+1075+Biscayne+Blvd+Miami+FL,google,https://www.instagram.com/miamiparks/,other,MAURICE-FERRE-PARK,/q/3479422e-08ef-5673-83d2-557027a01877,active
6622b17b-0661-580c-ab70-c063ff7be528,6326d75b-8ddf-5b94-8d81-23ff2f889552,833529ce-a8c6-5ed7-8bf4-4fe76647d01d,espanola-way,The Spanish Detour,"A historic Mediterranean-style pedestrian street tucked between Washington and Drexel, freshly restored and permanently unhurried. Two blocks of South Beach that decided to be Spain instead.",culture,easy,50,25,5–10 min,Wander Española Way and photograph the detail that feels imported straight from the Mediterranean.,Bid the street 'buenas noches' when you leave — time of day irrelevant.,,https://www.experiencemiamibeach.com/local-attractions/espanola-way,https://www.google.com/maps/search/?api=1&query=Espanola+Way+Miami+Beach+FL,google,https://www.instagram.com/espanolaway/,other,ESPANOLA-WAY,/q/6622b17b-0661-580c-ab70-c063ff7be528,active
12c8638e-fe85-540f-8160-72c32394f39d,3d95c2c5-f123-51bf-b4b4-97f6747503f9,0c3a609b-ca93-5a1f-bc05-cbe8f0ebb0dc,regatta-harbour-coconut-grove,Dinner Key Discovery,"Coconut Grove's waterfront hub on historic Dinner Key — marina, dining and bay breeze run by people who clearly understand what the Grove is for. Come watch the masts sway.",outdoors,medium,150,75,10–15 min,Explore Regatta Harbour and photograph the spot where the Grove meets the water — boats required in frame.,Pick the boat you'd captain and christen it out loud with a brand-new name.,,https://www.regattaharbour.com/,https://www.google.com/maps/search/?api=1&query=Regatta+Harbour+3385+Pan+American+Dr+Miami+FL,google,https://www.instagram.com/regattaharbour/,other,REGATTA-HARBOUR-COCONUT-GROVE,/q/12c8638e-fe85-540f-8160-72c32394f39d,active
a3b596af-e36d-5eb9-a46b-c93873345ed0,1f2ec53a-2e1b-58cd-b2aa-1cd178687999,a116f926-5af7-523b-a23c-7b0131e64f83,government-center-station,The Crossroads,"Since 1984 this has been Miami's great transit crossroads — Metrorail, Metromover and Metrobus all converging in one Downtown hub. Most people pass through; this time, stop and look.",culture,easy,50,25,5–10 min,Find where the trains come and go at Government Center and capture one in motion.,"Guess where a departing train is headed, then check the board and grade yourself.",,https://www.miamidade.gov/transportation-publicworks/metrorail-stations.asp,https://www.google.com/maps/search/?api=1&query=Government+Center+Station+101+NW+1st+St+Miami+FL,google,https://www.instagram.com/miamidadetransit/,other,GOVERNMENT-CENTER-STATION,/q/a3b596af-e36d-5eb9-a46b-c93873345ed0,active
b1a724c6-da50-5641-90ee-4d4194c40e89,7460b27b-0e46-5365-8a6e-1a99418dfd4f,33a05f27-fd32-5bff-9c25-4d95cf230f25,tea-room-east-miami,"High Tea, Literally","Forty floors above Brickell, open only Thursday through Saturday, hides an Asian-inspired cocktail lounge called the Tea Room. Part speakeasy, part skybox — all timing.",nightlife,medium,150,75,10–20 min,"On a Thursday, Friday or Saturday, ride up EAST Miami and find the Tea Room on the 40th floor. Capture your proof.","Toast with pinkies out. It is a tea room, after all.",,https://www.easthotels.com/en/miami/restaurants-and-bars/tea-room/,https://www.google.com/search?q=Tea+Room+EAST+Miami+788+Brickell+Plaza+reviews,google,https://www.instagram.com/tearoom.mia/,other,TEA-ROOM-EAST-MIAMI,/q/b1a724c6-da50-5641-90ee-4d4194c40e89,active
517557a0-c5f4-5b89-8dae-0846ab1831d4,1e79560c-2d8c-581f-9e0a-3b82891975e3,36c08d29-1d66-5b07-922e-847467d4fa43,the-kampong-coconut-grove,The Secret Garden of the Grove,A historic Coconut Grove estate that became one of only five gardens in the National Tropical Botanical Garden network. Most of its cousins are in Hawaii; this one hides behind Douglas Road.,outdoors,medium,150,75,15–20 min,Explore The Kampong's grounds and photograph the tree or plant that looks most like it escaped from a storybook.,Learn one plant's name before you leave and formally introduce it to your group.,,https://ntbg.org/gardens/kampong/,https://www.google.com/search?q=The+Kampong+4013+S+Douglas+Rd+Coconut+Grove+reviews,google,https://www.instagram.com/thekampong/,other,THE-KAMPONG-COCONUT-GROVE,/q/517557a0-c5f4-5b89-8dae-0846ab1831d4,active
e73d0b6d-92ad-5e5b-9c54-f2a61257fec0,4d32f895-875b-538f-b5a7-dd53a7f0fc7f,ae760d8b-3bca-5a36-bc31-a602bad4b7d4,dale-zine-design-district,"Small Press, Big Energy","Miami's independent zine shop moved from Little River to the Design District in 2024, carrying its universe of small-press treasures with it. Every shelf is somebody's whole heart, photocopied.",art,easy,50,25,10–15 min,Find Dale Zine's Design District home and browse until you find a zine you've never heard of. Photograph the cover.,Greet the shop with a proper Miami 'dale!' on your way in.,,https://dalezine.com/,https://www.google.com/search?q=Dale+Zine+50+NE+40th+St+Miami+reviews,google,https://www.instagram.com/dale_zine/,other,DALE-ZINE-DESIGN-DISTRICT,/q/e73d0b6d-92ad-5e5b-9c54-f2a61257fec0,active
57574160-f082-5ff5-87ea-33846c15f93e,86ec6766-9a9e-50b5-b1d5-0b40d0be79f8,d25ce94f-cf6b-5252-af8c-6e8e5526f06a,naomis-garden-little-haiti,The Garden of Little Haiti,A Little Haiti original with 'garden' right there in the name — the kind of neighborhood restaurant that grew a second location without losing its roots. Come find the original.,food,easy,50,25,10–15 min,Find Naomi's Garden on NW 71st Street and photograph whatever earns the 'garden' in the name.,Compliment the plants. Out loud. They've earned it.,,https://naomismiami.com/,https://www.google.com/search?q=Naomi%27s+Garden+650+NW+71st+St+Miami+reviews,google,https://www.instagram.com/naomismiami/,other,NAOMIS-GARDEN-LITTLE-HAITI,/q/57574160-f082-5ff5-87ea-33846c15f93e,active
ae7a8290-897f-5083-af13-c75ce4b3f143,d55e37b0-a95c-5b5a-a7dc-8fbfc86e2401,e3910d7b-7879-5b99-91f5-b802abb6f486,broken-shaker-miami-beach,The Pop-Up That Stayed,It started as a pop-up in 2012 inside the Freehand Miami — then earned a James Beard semifinalist nod and simply never left. Some experiments succeed so hard they become institutions.,nightlife,medium,150,75,15–20 min,Find the Broken Shaker inside the Freehand and settle into the bar that refused to be temporary. Capture your spot.,Raise a toast to every pop-up that outlived its own concept.,,https://www.brokenshaker.com/location/miami-hours-and-location/,https://www.google.com/search?q=Broken+Shaker+2727+Indian+Creek+Dr+Miami+Beach+reviews,google,https://www.instagram.com/brokenshaker/,other,BROKEN-SHAKER-MIAMI-BEACH,/q/ae7a8290-897f-5083-af13-c75ce4b3f143,active
5efb7510-e755-5182-9b2d-3dd1de150abc,63e9ec9b-9501-591a-a857-cbe5053a3434,c52d5929-de1b-5d2c-bc9d-84564c78a487,macs-club-deuce,The Hundred-Year Dive,"Established 1926: Miami Beach's oldest bar turns one hundred this year. Cash only, no pretense, beloved by Anthony Bourdain — a century of South Beach history in one room.",nightlife,medium,150,75,10–15 min,Step into Mac's Club Deuce and salute the century. Capture proof you stood in Miami's oldest bar. Bring cash — that's the house rule.,Ask yourself what this room has seen in 100 years. Put your best guess in a Community Note.,,https://www.macsclubdeuce.com/,https://www.google.com/search?q=Mac%27s+Club+Deuce+222+14th+St+Miami+Beach+reviews,google,https://www.instagram.com/macsclubdeuce/,other,MACS-CLUB-DEUCE,/q/5efb7510-e755-5182-9b2d-3dd1de150abc,active
57d5ab07-74a4-5c75-a84d-dbe548785c99,fcefd477-6443-56d6-b6d4-4289c667c4cd,eae8f3ad-d463-5c4a-95a1-4bdb0aca1474,plant-the-future-little-river,The Gas Station That Grew,"Artist Paloma Teppa turned a 1960s gas station on the banks of the Little River into a biophilic art studio and gallery. Where fuel pumps once stood, a small indoor jungle now runs the place.",art,medium,150,75,10–15 min,Find the converted gas station on NE 2nd Ave and photograph the spot where art and plants blur together completely.,"Visually adopt one plant, name it, and record the adoption in your Community Note.",,https://www.plantthefuture.com/,https://www.google.com/search?q=Plant+the+Future+8484+NE+2nd+Ave+Miami+reviews,google,https://www.instagram.com/plantthefuture/,other,PLANT-THE-FUTURE-LITTLE-RIVER,/q/57d5ab07-74a4-5c75-a84d-dbe548785c99,active
7eebe307-0a32-5996-9258-2068eae3df78,f676da93-90c5-5a46-9e9d-c07d8d721b17,111a4bb7-ae6b-574d-b49b-f742f1d7a1b4,coral-gables-congregational-church,The Landmark Across the Way,"A Mediterranean Revival landmark on the National Register of Historic Places, standing directly across from the Biltmore. One of Coral Gables' founding-era beauties — and most people drive right past it.",culture,easy,50,25,5–10 min,Find the church on De Soto Blvd and photograph your favorite Mediterranean Revival detail of the building.,Bonus challenge: frame the church and the Biltmore in a single shot.,,https://gablesucc.org/,https://www.google.com/search?q=Coral+Gables+Congregational+Church+3010+De+Soto+Blvd+reviews,google,https://www.instagram.com/coralgablesucc/,other,CORAL-GABLES-CONGREGATIONAL-CHURCH,/q/7eebe307-0a32-5996-9258-2068eae3df78,active
8c2d780a-5ad9-5e8d-b764-47902ba01d59,71b22ea1-5f61-5b45-aade-19e00c48e84f,a0e58b54-b8ed-5125-a4e8-387091622757,over-under-downtown,Flagler Street Revival,"A cocktail bar and gastropub inside the historic Alfred I. duPont Building, where old Flagler Street grandeur meets new Downtown energy. The name is a question; the room is the answer.",nightlife,medium,150,75,10–15 min,Find Over Under on E Flagler Street and capture where the historic building meets the modern bar.,"Debate with your group: is the name about drinks, sports bets, or the building? Pick a side and die on it.",,https://overundermiami.com/,https://www.google.com/search?q=Over+Under+Miami+151+E+Flagler+St+reviews,google,https://www.instagram.com/overundermiami/,other,OVER-UNDER-DOWNTOWN,/q/8c2d780a-5ad9-5e8d-b764-47902ba01d59,active
cc824584-6599-556e-a42d-2fb4328d3ec7,d858150a-df59-589b-a51b-a8910c61237d,7b017967-7fa7-5e64-b5b4-74f32f680a17,lost-boy-dry-goods,Get Lost Downtown,"An English-pub-style bar that opened in 2018 inside the Alfred I. duPont Building — 'Lost Boy Dry Goods,' a pub wearing a general store's name on historic Flagler Street. Getting lost here is the point.",nightlife,medium,150,75,10–15 min,Find Lost Boy Dry Goods on E Flagler Street and photograph the most un-pub-like detail of this very English pub.,Declare yourself officially lost upon entry — and found by the time you leave.,,https://www.lostboydrygoods.com/,https://www.google.com/search?q=Lost+Boy+Dry+Goods+Miami+157+E+Flagler+St+reviews,google,https://www.instagram.com/lostboydrygoods/,other,LOST-BOY-DRY-GOODS,/q/cc824584-6599-556e-a42d-2fb4328d3ec7,active
ee11a99b-d812-5e8e-a97c-1b6b4c264c22,4242b29b-7284-5d29-bb03-68ba09909251,54a6f74c-377f-5032-a65f-022be3d507fd,fairchild-tropical-garden,Rainforest Within the Garden,"Inside Fairchild's 83 acres hides the Richard H. Simons Rainforest — two acres of canopy, streams and a waterfall, growing since 2001. A rainforest, inside a garden, inside Miami.",outdoors,medium,150,75,15–20 min,Find the Simons Rainforest inside Fairchild and photograph the waterfall tucked within it.,Narrate what you see in your best nature-documentary whisper.,,https://fairchildgarden.org/,https://www.google.com/search?q=Fairchild+Tropical+Botanic+Garden+reviews,google,https://www.instagram.com/fairchildgarden/,other,FAIRCHILD-TROPICAL-GARDEN,/q/ee11a99b-d812-5e8e-a97c-1b6b4c264c22,active
2cf2cdf4-9828-5d73-8869-143b1633a9e3,54bb0aa7-790f-58ab-bd49-d78682d5f3ab,3b919211-a15b-5f8e-8280-4abffe96d876,bodega-taqueria-south-beach,The Porta-Potty Portal,"By day it reads as a taqueria. But since 2014, South Beach regulars have known the truth: somewhere inside stands a fake porta-potty door, and behind it, a hidden bar. Yes, really. No, not a real porta-potty. Go find it.",hidden_gem,medium,150,75,10–15 min,Find the fake porta-potty door inside Bodega and discover what's behind it. Photograph the door — leave what's beyond it a mystery.,Walk in acting completely casual. Fail completely.,,https://www.bodegataqueria.com/location/southbeach/,https://www.google.com/search?q=Bodega+Taqueria+y+Tequila+South+Beach+reviews,google,https://www.instagram.com/bodegataqueria/,other,BODEGA-TAQUERIA-SOUTH-BEACH,/q/2cf2cdf4-9828-5d73-8869-143b1633a9e3,active
65f023cb-5822-5cf0-952e-70d0f0be9d0a,0f6a6b02-c168-55be-b383-246fbb54fc65,05815fa9-244a-54eb-8b42-8aaacfa1a829,miami-circle-brickell,"The 2,000-Year-Old Circle","In 1998, construction at the mouth of the Miami River uncovered a perfect circle of ancient postholes — a Tequesta site up to 2,700 years old. Skyscrapers rose around it; the circle stayed. It's now a public park on the Riverwalk.",culture,easy,50,25,10–15 min,Walk the Riverwalk to Brickell Point and find the Miami Circle. Photograph where the city's oldest story meets its newest skyline.,"Turn one slow, full 360° where you stand — one circle for the Circle.",,https://dos.fl.gov/historical/archaeology/projects/miami-circle/,https://www.google.com/search?q=Miami+Circle+Park+Brickell+reviews,google,,,MIAMI-CIRCLE-BRICKELL,/q/65f023cb-5822-5cf0-952e-70d0f0be9d0a,active
