venue_id,partner_id,name,address,city,neighborhood,latitude,longitude,hours,hours_note,status,coordinate_source
062ce6b7-f9df-5c53-b7b0-de16fcc22eb8,b7a5c65e-0674-54c8-9e2f-c17fe6402861,Panther Coffee - Wynwood,"2390 NW 2nd Ave, Miami, FL 33127",Miami,Wynwood,25.79994,-80.199245,,,active,workbook
4a76b5e7-7fc8-5485-90c4-403a796770c7,17fd3975-dc00-523d-be6e-6eee84d5714d,Vice City Bean,"1657 N Miami Ave, Unit C, Miami, FL 33136",Miami,Edgewater,25.791406,-80.194302,,,active,workbook
1540d4fd-088d-5194-9463-47458122fca4,ec81a30a-4798-5e3f-ab15-130b8a9504d3,The Salty Donut - Wynwood,"50 NW 24th St, Unit 106, Miami, FL 33127",Miami,Wynwood,25.7994517,-80.1960754,,,active,workbook
88f4b8a6-e1c4-5417-97fb-a8511c54319f,38947068-093a-5074-8308-fb73e9368cb7,Threefold Cafe,"141 Giralda Ave, Coral Gables, FL 33134",Coral Gables,Coral Gables,25.7514197,-80.257631,,,active,"geocoded (high, structured_address)"
628b1edc-8119-5196-9d22-4465d7b944c6,f1b3973c-4035-58cb-a3b2-6a1326842801,Imperial Moto Cafe - Little River,"7299 NW 2nd Ave, Miami, FL 33150",Miami,Little River,25.8421983,-80.2005557,,,active,"geocoded (high, structured_address)"
3d6e479e-6ef9-5cfd-bbc8-021de95e8ff5,2f64ad78-af59-54c1-897e-9ae076b0fbeb,Brewing Buddha Cafe & Arthouse,"8219 SW 124th St, Pinecrest, FL 33156",Pinecrest,Pinecrest,25.6554818,-80.3268453,,,active,"geocoded (high, structured_address)"
8b802b8f-454c-59e7-8397-8e52b8028121,8b5e8dfd-4d3a-5e78-b0db-a018c6ba2068,Sweat Records,"5505 NE 2nd Ave, Miami, FL 33137",Miami,Little Haiti / Little River,25.8263434,-80.1917894,,,active,workbook
3a4cc420-5ef9-5972-87f2-0b19eb5bea6b,410e40e4-eaec-57a2-948f-5a54e18284f0,Books & Books - Coral Gables,"265 Aragon Ave, Coral Gables, FL 33134",Coral Gables,Coral Gables,25.7506451,-80.2600624,,,active,workbook
7a0964cc-7ec6-5a79-b2e8-45474df501c2,013760c2-e7bc-5bc6-8226-a0887e82c453,Rosetta Bakery - South Beach,"1666 Collins Ave, Miami Beach, FL 33139",Miami Beach,South Beach,25.7914055,-80.1300535,,,active,"geocoded (high, structured_address)"
61027ac0-fb14-523b-8d20-8443f246e97d,fed2dca2-9985-578d-bbda-5e2c59018af9,Under the Mango Tree,"737 5th St, Miami Beach, FL 33139",Miami Beach,South Beach (South of Fifth),25.7747548,-80.1358438,,,active,workbook
f297d4f8-9526-5c0d-9c43-c3dba53079a4,34dbd889-65bc-584c-84e8-4ccd262de7da,Dasher & Crank,"2211 NW 2nd Ave, Miami, FL 33127",Miami,Wynwood,25.7982083,-80.1990834,,,active,"geocoded (high, structured_address)"
ce80b621-f3a6-5010-86f2-5e110dd54c14,63bbc92f-9faa-55d5-b68a-0ac653f0ad1c,Midorie Miami,"3444 Main Hwy, Miami, FL 33133",Miami,Coconut Grove,25.727493,-80.243396,,,active,"geocoded (high, structured_address)"
89561c5f-7ce2-5d91-8999-50cc258c7d08,042a4a79-469b-55b5-b06a-ec5d012aa167,The Corner,"1035 N Miami Ave #101, Miami, FL 33136",Miami,Downtown Miami / Park West,25.784656,-80.193897,,,active,"geocoded (medium, place_name)"
97c2c829-1eba-53c0-84e4-f02dfd40ef40,a29163be-6b51-5842-9d44-b0d0deb646f6,Miam Café - Wynwood,"2750 NW 3rd Ave, Miami, FL 33127",Miami,Wynwood,25.802408,-80.2016552,,,active,"geocoded (high, structured_address)"
bc413e35-329b-5329-ad1e-f2a22d5cf2e4,6c739246-f141-592a-b037-fa7e59f617cc,El Carajo,"2465 SW 17th Ave, Miami, FL 33145",Miami,Coral Way,25.7461508,-80.221873,,,active,"geocoded (high, structured_address)"
e18a2c1e-1f8a-5d9d-99ff-0484a375fa60,0c17f4b2-fe1e-5e95-8790-628c66f31a5a,Pasión del Cielo Coffee - Brickell,"907 Brickell Ave, Miami, FL 33131",Miami,Brickell,25.7651768,-80.1908292,,,active,"geocoded (high, structured_address)"
fbca77fb-abae-5c1a-9a15-2ccaa331a278,94351bfa-6108-526e-afc3-cdf02a54a8a2,Wynwood Walls,"2516 NW 2nd Ave, Miami, FL 33127",Miami,Wynwood,25.801018,-80.199493,10:30 AM – 6:30 PM,Daily · timed entry tickets,active,workbook
be92a4e5-2635-5364-8ada-a5e99d0fdd0a,499e378f-6144-5a1a-878d-b9c8193b3544,Pérez Art Museum Miami,"1103 Biscayne Blvd, Miami, FL 33132",Miami,Downtown Miami,25.7859809,-80.1862693,,,active,workbook
defa0c13-d01c-5168-95ff-c256afb9a06b,df3058d3-c3a4-5322-bdf2-2c5ed6bb64f8,"Institute of Contemporary Art, Miami","61 NE 41st St, Miami, FL 33137",Miami,Design District,25.8143585,-80.1942981,,,active,"geocoded (high, structured_address)"
421f85f6-07e7-5392-8ef6-ded4d17e1021,617044a3-282a-5211-bf44-49065ab56969,Bachour Coral Gables,"2020 Salzedo St, Coral Gables, FL 33134",Coral Gables,Coral Gables,25.7538553,-80.2611351,,,active,workbook
5cfc815f-9a61-529e-9c82-e27c7a4be290,5474f431-39f5-5368-ae3c-087317e8bafb,The Temple House,"1415 Euclid Ave, Miami Beach, FL 33139",Miami Beach,South Beach,25.785967,-80.134925,,,active,workbook
316c048c-ce1c-53a7-a3d3-59ccaa896e5e,856c13bf-067d-51ad-b3d0-90a47254fead,E11EVEN Miami,"29 NE 11th St, Miami, FL 33132",Miami,Downtown Miami,25.7849579,-80.1935969,Open 24 hours,21+ only,active,workbook
0f54cfae-e204-56cc-adbe-ce3ebbb828fc,7822bca9-8c50-549d-8a93-a8cee544a19d,"Sugar Rooftop at EAST, Miami","788 Brickell Plaza, Floor 40, Miami, FL 33131",Miami,Brickell,25.766606,-80.1928702,,,active,"geocoded (medium, place_name)"
11b2fa14-eb93-5809-b4ef-73be47f08d91,ab1faa46-f085-5e74-96b1-13091b98a1e6,Lagniappe,"3425 NE 2nd Ave, Miami, FL 33137",Miami,Midtown / Wynwood-Edgewater,25.8090466,-80.1910054,,,active,"geocoded (high, structured_address)"
0ec8d3e2-bb74-5eef-94f4-e6c6f6c6f9ea,7fe7ecdd-5738-50cf-b188-9dd31c746ba4,Dante's HiFi,"519 NW 26th St, Miami, FL 33127",Miami,Wynwood,25.8011178,-80.2037057,,,active,workbook
d3be2ff4-dd15-59a7-bae7-2d5e66849ce7,4419365c-e6be-59ab-b81a-8c46e679f909,Superblue Miami,"1101 NW 23rd St, Miami, FL 33127",Miami,Allapattah,25.7991925,-80.2138844,,,active,workbook
6eb2e4f0-ff69-5f26-8191-1bb8382cef34,f34c4834-f4f2-558a-b365-02eb6494393c,"The Standard Spa, Miami Beach","40 Island Ave, Miami Beach, FL 33139",Miami Beach,Belle Isle / South Beach,25.79175,-80.149086,,,active,workbook
42b31588-7629-5b8c-983b-3067c04f657f,8397b449-800f-5c57-b5b3-c492219c5e57,Komodo Miami,"801 Brickell Ave, Miami, FL 33131",Miami,Brickell,25.7656196,-80.1901639,,,active,workbook
cfb6485e-3772-5d94-82bc-64fa0865d54d,b7dec364-dff7-5da4-a66c-b8b127afe2dc,Joia Beach Restaurant and Beach Club,"1111 Parrot Jungle Trail, Miami, FL 33132",Miami,Watson Island,25.7861775,-80.1746936,,,active,"geocoded (high, structured_address)"
c30b0989-aeab-5535-bf9a-00f0f92d28c8,af6b0db8-0e00-5f33-8e85-870f037269a4,Sexy Fish Miami,"1001 S Miami Ave, Miami, FL 33130",Miami,Brickell,25.7643527,-80.1930513,,,active,"geocoded (high, structured_address)"
04a443e2-13f5-5c44-b438-41d6ca8d957c,b3e6fae9-38f7-52e0-a4c3-17d2e88ef2f9,The Bass,"2100 Collins Ave, Miami Beach, FL 33139",Miami Beach,South Beach,25.7973966,-80.1299536,,,active,workbook
e2f43f10-1882-5b1c-a43a-453ba03fcdc7,d7487d41-d93b-5ef5-ba8a-381866d6b5a0,Ball & Chain,"1513 SW 8th St, Miami, FL 33135",Miami,Little Havana,25.7658068,-80.2197761,,,active,workbook
6b7bfbce-d54d-5bae-a404-a3556226af26,919575e4-6804-5009-88a5-7deb8ee68e11,Rubell Museum,"1100 NW 23rd St, Miami, FL 33127",Miami,Allapattah,25.7987088,-80.214203,,,active,workbook
e3b25e07-5c7f-5eb7-89ee-4484b4896fb5,cc5bcf3c-8768-582d-9857-4b8bd0521b32,Brickell City Centre,"701 S Miami Ave, Miami, FL 33131",Miami,Brickell,25.7676777,-80.1930011,,,active,"geocoded (high, structured_address)"
f752f8f9-7f21-5823-acbd-9bc90363535f,a8368acf-f984-5d35-bd3a-c283875d5706,Bayside Marketplace,"401 Biscayne Blvd, Miami, FL 33132",Miami,Downtown Miami,25.7784792,-80.1867682,,,active,workbook
53c6867a-1cd4-5474-b0b5-d72e6d52b27a,8723bb30-c43e-5dd1-9c7b-a55541c17b41,1-800-Lucky,"143 NW 23rd St, Miami, FL 33127",Miami,Wynwood,25.7993233,-80.1979686,,,active,"geocoded (high, structured_address)"
97c960d0-55e2-5fcf-be27-e5c1dc78f58d,fd491c98-f9f9-55df-bdd2-524064c0cf50,Lummus Park,"Ocean Dr (between 5th St and 15th St), Miami Beach, FL 33139",Miami Beach,South Beach,25.7806133,-80.1298933,,,active,"geocoded (medium, place_name)"
7a74344f-5262-599b-8922-59a9fc7f8613,7ccaef07-9288-5d31-8b40-0061bc3ddf10,Miami Design District,"140 NE 39th St, Miami, FL 33137",Miami,Design District,25.8123753,-80.1924115,,,active,workbook
6cb7bcbb-c52f-5dd0-bc00-580e92d8f786,636d6c24-dd1c-57b7-9b79-94481e239b2b,Miami Worldcenter,"851 NE 1st Ave, Miami, FL 33132",Miami,Park West / Downtown Miami,25.782431,-80.191854,,,active,workbook
ff8d6a60-1390-586c-89ed-06b9c7cea515,a20285f9-cb39-5da1-8882-a597e5158d0c,Miracle Mile,"Coral Way between SW 37th Ave and SW 42nd Ave, Coral Gables, FL 33134",Coral Gables,Coral Gables,25.749713,-80.255427,,,active,"geocoded (medium, place_name)"
6d4f6842-8525-5831-92de-fdb4727ed574,5e937cc3-c9da-52d6-9aa4-833b48cd20be,Kaseya Center,"601 Biscayne Blvd, Miami, FL 33132",Miami,Downtown Miami,25.7813595,-80.1879435,,,active,"geocoded (high, structured_address)"
38309324-6a3f-5d8c-bc53-36939a4d3559,dce8d898-6e8d-554a-9922-17d2c1326c0e,Jungle Island,"1111 Parrot Jungle Trail, Miami, FL 33132",Miami,Watson Island,25.786155,-80.174993,,Open daily,active,workbook
861e0c2e-4010-584e-bab5-42fc8eea9403,06b8dc6d-d62d-5853-87de-600cf264d3d2,Giralda Plaza,"100 block of Giralda Ave, Coral Gables, FL 33134",Coral Gables,Coral Gables,25.7514867,-80.2570634,,,active,"geocoded (medium, place_name)"
3451f07f-6eb2-559e-871d-14faae13b003,208abc78-1331-5ded-a5d6-a252c9974594,Jungle Plaza,"3801 NE 1st Ave, Miami, FL 33137",Miami,Design District,25.811964,-80.193276,,,active,"geocoded (high, structured_address)"
49e25061-35a8-5ed1-9c65-8238bc62bbf4,0e518098-b8c2-5a78-af0f-1b4a38cb4d45,Citizens MiamiCentral,"600 NW 1st Ave, Miami, FL 33136",Miami,Downtown Miami,25.79118,-80.1966257,,,active,"geocoded (high, structured_address)"
4f8b3159-5218-59b2-b342-11bc9abc7359,a2bdfb29-2728-54f6-8142-de371f679c40,Maurice A. Ferré Park,"1075 Biscayne Blvd, Miami, FL 33132",Miami,Downtown Miami / Arts & Entertainment District,25.7839,-80.1869,,,active,workbook
6326d75b-8ddf-5b94-8d81-23ff2f889552,833529ce-a8c6-5ed7-8bf4-4fe76647d01d,Española Way,"419 Española Way, Miami Beach, FL 33139",Miami Beach,South Beach,25.7870053,-80.1320681,,,active,"geocoded (high, structured_address)"
3d95c2c5-f123-51bf-b4b4-97f6747503f9,0c3a609b-ca93-5a1f-bc05-cbe8f0ebb0dc,Regatta Harbour,"3385 Pan American Dr, Miami, FL 33133",Miami,Coconut Grove,25.7284643,-80.2339205,,,active,"geocoded (high, structured_address)"
1f2ec53a-2e1b-58cd-b2aa-1cd178687999,a116f926-5af7-523b-a23c-7b0131e64f83,Government Center Station,"101 NW 1st St, Miami, FL 33128",Miami,Downtown Miami,25.7757584,-80.1960776,,,active,"geocoded (high, structured_address)"
7460b27b-0e46-5365-8a6e-1a99418dfd4f,33a05f27-fd32-5bff-9c25-4d95cf230f25,"Tea Room at EAST, Miami","788 Brickell Plaza, Miami, FL 33131",Miami,Brickell,25.7666577,-80.1927661,,Open Thu–Sat,active,"geocoded (high, structured_address)"
1e79560c-2d8c-581f-9e0a-3b82891975e3,36c08d29-1d66-5b07-922e-847467d4fa43,The Kampong (National Tropical Botanical Garden),"4013 S Douglas Rd, Miami, FL 33133",Miami,Coconut Grove,25.7152781,-80.2503978,,,active,workbook
4d32f895-875b-538f-b5a7-dd53a7f0fc7f,ae760d8b-3bca-5a36-bc31-a602bad4b7d4,Dale Zine Shop,"50 NE 40th St, Miami, FL 33137",Miami,Design District,25.8132334,-80.1944904,,,active,"geocoded (high, structured_address)"
86ec6766-9a9e-50b5-b1d5-0b40d0be79f8,d25ce94f-cf6b-5252-af8c-6e8e5526f06a,Naomi's Garden Restaurant & Lounge,"650 NW 71st St, Miami, FL 33150",Miami,Little Haiti,25.8395301,-80.2079248,,,active,"geocoded (high, structured_address)"
d55e37b0-a95c-5b5a-a7dc-8fbfc86e2401,e3910d7b-7879-5b99-91f5-b802abb6f486,Broken Shaker at Freehand Miami,"2727 Indian Creek Dr, Miami Beach, FL 33140",Miami Beach,South Beach,25.8045422,-80.1263489,,,active,"geocoded (high, structured_address)"
63e9ec9b-9501-591a-a857-cbe5053a3434,c52d5929-de1b-5d2c-bc9d-84564c78a487,Mac's Club Deuce,"222 14th St, Miami Beach, FL 33139",Miami Beach,South Beach,25.7852938,-80.1314647,,,active,workbook
fcefd477-6443-56d6-b6d4-4289c667c4cd,eae8f3ad-d463-5c4a-95a1-4bdb0aca1474,Plant the Future,"8484 NE 2nd Ave, Miami, FL 33138",Miami,Little River,25.8531665,-80.1933545,,,active,"geocoded (high, structured_address)"
f676da93-90c5-5a46-9e9d-c07d8d721b17,111a4bb7-ae6b-574d-b49b-f742f1d7a1b4,Coral Gables Congregational United Church of Christ,"3010 De Soto Blvd, Coral Gables, FL 33134",Coral Gables,Coral Gables,25.7428751,-80.278489,,,active,"geocoded (high, structured_address)"
71b22ea1-5f61-5b45-aade-19e00c48e84f,a0e58b54-b8ed-5125-a4e8-387091622757,Over Under,"151 E Flagler St, Miami, FL 33131",Miami,Downtown Miami,25.774428,-80.190885,,,active,workbook
d858150a-df59-589b-a51b-a8910c61237d,7b017967-7fa7-5e64-b5b4-74f32f680a17,Lost Boy Dry Goods,"157 E Flagler St, Miami, FL 33131",Miami,Downtown Miami,25.7743673,-80.1907341,,,active,workbook
4242b29b-7284-5d29-bb03-68ba09909251,54a6f74c-377f-5032-a65f-022be3d507fd,Richard H. Simons Rainforest at Fairchild Tropical Botanic Garden,"10901 Old Cutler Rd, Coral Gables, FL 33156",Coral Gables,Coral Gables,25.676931,-80.272789,,,active,workbook
54bb0aa7-790f-58ab-bd49-d78682d5f3ab,3b919211-a15b-5f8e-8280-4abffe96d876,Bodega Taqueria y Tequila South Beach (Hidden Speakeasy),"1220 16th St, Miami Beach, FL 33139",Miami Beach,South Beach,25.7887693,-80.1416261,,Open daily,active,"geocoded (high, structured_address)"
0f6a6b02-c168-55be-b383-246fbb54fc65,05815fa9-244a-54eb-8b42-8aaacfa1a829,Miami Circle Park,"401 Brickell Ave, Miami, FL 33131",Miami,Brickell,25.769381,-80.189919,,,active,workbook
